city,feature_group,feature,lag_months,n_pairs,pearson_corr,abs_pearson_corr
iq,ndvi,ndvi_ne,0,120,-0.011730999048031245,0.011730999048031245
iq,ndvi,ndvi_ne,1,119,0.07782330776023158,0.07782330776023158
iq,ndvi,ndvi_ne,2,118,0.163278887859273,0.163278887859273
iq,ndvi,ndvi_ne,3,117,0.17506833984794398,0.17506833984794398
iq,ndvi,ndvi_ne,4,116,0.13234115286820353,0.13234115286820353
iq,ndvi,ndvi_ne,5,115,0.010768239696326655,0.010768239696326655
iq,ndvi,ndvi_ne,6,114,-0.01658699436008622,0.01658699436008622
iq,ndvi,ndvi_ne,7,113,-0.18696891343280891,0.18696891343280891
iq,ndvi,ndvi_ne,8,112,-0.19145624682411674,0.19145624682411674
iq,ndvi,ndvi_ne,9,111,-0.1446916986189193,0.1446916986189193
iq,ndvi,ndvi_ne,10,110,-0.1993353394109225,0.1993353394109225
iq,ndvi,ndvi_ne,11,109,-0.09107032815037455,0.09107032815037455
iq,ndvi,ndvi_ne,12,108,0.14389694204529774,0.14389694204529774
iq,ndvi,ndvi_ne,13,107,0.22145725999651833,0.22145725999651833
iq,ndvi,ndvi_ne,14,106,0.2181319045772674,0.2181319045772674
iq,ndvi,ndvi_nw,0,120,-0.05331676369299647,0.05331676369299647
iq,ndvi,ndvi_nw,1,119,0.10508860748979673,0.10508860748979673
iq,ndvi,ndvi_nw,2,118,0.1717876134350628,0.1717876134350628
iq,ndvi,ndvi_nw,3,117,0.20355401568993692,0.20355401568993692
iq,ndvi,ndvi_nw,4,116,0.23948786947285378,0.23948786947285378
iq,ndvi,ndvi_nw,5,115,0.18040977791236884,0.18040977791236884
iq,ndvi,ndvi_nw,6,114,0.06726601159573285,0.06726601159573285
iq,ndvi,ndvi_nw,7,113,-0.14769747259596797,0.14769747259596797
iq,ndvi,ndvi_nw,8,112,-0.134601858664785,0.134601858664785
iq,ndvi,ndvi_nw,9,111,-0.07633554560835416,0.07633554560835416
iq,ndvi,ndvi_nw,10,110,-0.07242001182117921,0.07242001182117921
iq,ndvi,ndvi_nw,11,109,-0.006220538563780431,0.006220538563780431
iq,ndvi,ndvi_nw,12,108,0.13041630191097092,0.13041630191097092
iq,ndvi,ndvi_nw,13,107,0.22850062015445158,0.22850062015445158
iq,ndvi,ndvi_nw,14,106,0.14186243435639748,0.14186243435639748
iq,ndvi,ndvi_se,0,120,-0.08963435191507008,0.08963435191507008
iq,ndvi,ndvi_se,1,119,-0.019039630548225026,0.019039630548225026
iq,ndvi,ndvi_se,2,118,0.12284023141858935,0.12284023141858935
iq,ndvi,ndvi_se,3,117,0.10531671952349526,0.10531671952349526
iq,ndvi,ndvi_se,4,116,0.05280570129153046,0.05280570129153046
iq,ndvi,ndvi_se,5,115,-0.012364734007925607,0.012364734007925607
iq,ndvi,ndvi_se,6,114,-0.08041544604581535,0.08041544604581535
iq,ndvi,ndvi_se,7,113,-0.23785759976317136,0.23785759976317136
iq,ndvi,ndvi_se,8,112,-0.33352843664634374,0.33352843664634374
iq,ndvi,ndvi_se,9,111,-0.24886181538459834,0.24886181538459834
iq,ndvi,ndvi_se,10,110,-0.2635460918099443,0.2635460918099443
iq,ndvi,ndvi_se,11,109,-0.18618489988535833,0.18618489988535833
iq,ndvi,ndvi_se,12,108,0.059300122648021654,0.059300122648021654
iq,ndvi,ndvi_se,13,107,0.19603800699270194,0.19603800699270194
iq,ndvi,ndvi_se,14,106,0.16155176308010621,0.16155176308010621
iq,ndvi,ndvi_sw,0,120,-0.030257090856708184,0.030257090856708184
iq,ndvi,ndvi_sw,1,119,0.0771082601093303,0.0771082601093303
iq,ndvi,ndvi_sw,2,118,0.18518011570892748,0.18518011570892748
iq,ndvi,ndvi_sw,3,117,0.2263391499745082,0.2263391499745082
iq,ndvi,ndvi_sw,4,116,0.22027558253346452,0.22027558253346452
iq,ndvi,ndvi_sw,5,115,0.08852850731660913,0.08852850731660913
iq,ndvi,ndvi_sw,6,114,0.04805722138418567,0.04805722138418567
iq,ndvi,ndvi_sw,7,113,-0.15995716764008733,0.15995716764008733
iq,ndvi,ndvi_sw,8,112,-0.17261310705079652,0.17261310705079652
iq,ndvi,ndvi_sw,9,111,-0.10991848436981211,0.10991848436981211
iq,ndvi,ndvi_sw,10,110,-0.1349922235699394,0.1349922235699394
iq,ndvi,ndvi_sw,11,109,-0.03446289861637641,0.03446289861637641
iq,ndvi,ndvi_sw,12,108,0.22467704841843278,0.22467704841843278
iq,ndvi,ndvi_sw,13,107,0.3451250232040823,0.3451250232040823
iq,ndvi,ndvi_sw,14,106,0.26228687126603983,0.26228687126603983
iq,precipitation,precipitation_amt_mm,0,120,0.18743593479444773,0.18743593479444773
iq,precipitation,precipitation_amt_mm,1,119,0.14832768896204562,0.14832768896204562
iq,precipitation,precipitation_amt_mm,2,118,-0.07558287806897077,0.07558287806897077
iq,precipitation,precipitation_amt_mm,3,117,-0.10838716448193987,0.10838716448193987
iq,precipitation,precipitation_amt_mm,4,116,-0.22349671481636874,0.22349671481636874
iq,precipitation,precipitation_amt_mm,5,115,-0.26030606741782,0.26030606741782
iq,precipitation,precipitation_amt_mm,6,114,-0.1551668202341785,0.1551668202341785
iq,precipitation,precipitation_amt_mm,7,113,-0.004286288658655364,0.004286288658655364
iq,precipitation,precipitation_amt_mm,8,112,0.05975959081310618,0.05975959081310618
iq,precipitation,precipitation_amt_mm,9,111,0.2472127186988912,0.2472127186988912
iq,precipitation,precipitation_amt_mm,10,110,0.2768616129573283,0.2768616129573283
iq,precipitation,precipitation_amt_mm,11,109,0.2076834616340323,0.2076834616340323
iq,precipitation,precipitation_amt_mm,12,108,0.2636197308253178,0.2636197308253178
iq,precipitation,precipitation_amt_mm,13,107,0.14813487432976327,0.14813487432976327
iq,precipitation,precipitation_amt_mm,14,106,-0.11678452988353369,0.11678452988353369
iq,reanalysis,reanalysis_air_temp_k,0,120,0.13601235493013167,0.13601235493013167
iq,reanalysis,reanalysis_air_temp_k,1,119,0.17591903576791681,0.17591903576791681
iq,reanalysis,reanalysis_air_temp_k,2,118,0.18060246729624335,0.18060246729624335
iq,reanalysis,reanalysis_air_temp_k,3,117,0.1182872472876775,0.1182872472876775
iq,reanalysis,reanalysis_air_temp_k,4,116,-0.016352145296995777,0.016352145296995777
iq,reanalysis,reanalysis_air_temp_k,5,115,-0.0915244081897927,0.0915244081897927
iq,reanalysis,reanalysis_air_temp_k,6,114,-0.19586157183337213,0.19586157183337213
iq,reanalysis,reanalysis_air_temp_k,7,113,-0.26465211982877124,0.26465211982877124
iq,reanalysis,reanalysis_air_temp_k,8,112,-0.2454969688039241,0.2454969688039241
iq,reanalysis,reanalysis_air_temp_k,9,111,-0.16409453960418519,0.16409453960418519
iq,reanalysis,reanalysis_air_temp_k,10,110,-0.015563900772469028,0.015563900772469028
iq,reanalysis,reanalysis_air_temp_k,11,109,0.11248729735955137,0.11248729735955137
iq,reanalysis,reanalysis_air_temp_k,12,108,0.1462754764029842,0.1462754764029842
iq,reanalysis,reanalysis_air_temp_k,13,107,0.2788649278692169,0.2788649278692169
iq,reanalysis,reanalysis_air_temp_k,14,106,0.31424597905122464,0.31424597905122464
iq,reanalysis,reanalysis_avg_temp_k,0,120,0.11638831422100099,0.11638831422100099
iq,reanalysis,reanalysis_avg_temp_k,1,119,0.15961868902075102,0.15961868902075102
iq,reanalysis,reanalysis_avg_temp_k,2,118,0.18601855028196568,0.18601855028196568
iq,reanalysis,reanalysis_avg_temp_k,3,117,0.14154151900014014,0.14154151900014014
iq,reanalysis,reanalysis_avg_temp_k,4,116,0.004878035652338797,0.004878035652338797
iq,reanalysis,reanalysis_avg_temp_k,5,115,-0.08725442499677917,0.08725442499677917
iq,reanalysis,reanalysis_avg_temp_k,6,114,-0.1929970424966106,0.1929970424966106
iq,reanalysis,reanalysis_avg_temp_k,7,113,-0.2552687681093015,0.2552687681093015
iq,reanalysis,reanalysis_avg_temp_k,8,112,-0.26531826215018545,0.26531826215018545
iq,reanalysis,reanalysis_avg_temp_k,9,111,-0.1949184369828342,0.1949184369828342
iq,reanalysis,reanalysis_avg_temp_k,10,110,-0.04579933654042835,0.04579933654042835
iq,reanalysis,reanalysis_avg_temp_k,11,109,0.0835042003838665,0.0835042003838665
iq,reanalysis,reanalysis_avg_temp_k,12,108,0.14681340923483072,0.14681340923483072
iq,reanalysis,reanalysis_avg_temp_k,13,107,0.2895046666276787,0.2895046666276787
iq,reanalysis,reanalysis_avg_temp_k,14,106,0.31479630521620233,0.31479630521620233
iq,reanalysis,reanalysis_dew_point_temp_k,0,120,0.32083696136595047,0.32083696136595047
iq,reanalysis,reanalysis_dew_point_temp_k,1,119,0.2531183049310803,0.2531183049310803
iq,reanalysis,reanalysis_dew_point_temp_k,2,118,0.15964344691716856,0.15964344691716856
iq,reanalysis,reanalysis_dew_point_temp_k,3,117,0.011397261745533514,0.011397261745533514
iq,reanalysis,reanalysis_dew_point_temp_k,4,116,-0.15566979500660383,0.15566979500660383
iq,reanalysis,reanalysis_dew_point_temp_k,5,115,-0.1796006860600977,0.1796006860600977
iq,reanalysis,reanalysis_dew_point_temp_k,6,114,-0.15874266490522557,0.15874266490522557
iq,reanalysis,reanalysis_dew_point_temp_k,7,113,-0.03746661945020487,0.03746661945020487
iq,reanalysis,reanalysis_dew_point_temp_k,8,112,0.08237316345064356,0.08237316345064356
iq,reanalysis,reanalysis_dew_point_temp_k,9,111,0.20785130466466897,0.20785130466466897
iq,reanalysis,reanalysis_dew_point_temp_k,10,110,0.2778890791070992,0.2778890791070992
iq,reanalysis,reanalysis_dew_point_temp_k,11,109,0.2921327719253626,0.2921327719253626
iq,reanalysis,reanalysis_dew_point_temp_k,12,108,0.32162171836521364,0.32162171836521364
iq,reanalysis,reanalysis_dew_point_temp_k,13,107,0.20671624465372437,0.20671624465372437
iq,reanalysis,reanalysis_dew_point_temp_k,14,106,0.02855138384345572,0.02855138384345572
iq,reanalysis,reanalysis_max_air_temp_k,0,120,-0.0882848547064138,0.0882848547064138
iq,reanalysis,reanalysis_max_air_temp_k,1,119,0.016571506621284576,0.016571506621284576
iq,reanalysis,reanalysis_max_air_temp_k,2,118,0.15485969879024766,0.15485969879024766
iq,reanalysis,reanalysis_max_air_temp_k,3,117,0.20176510887705187,0.20176510887705187
iq,reanalysis,reanalysis_max_air_temp_k,4,116,0.12055086175121818,0.12055086175121818
iq,reanalysis,reanalysis_max_air_temp_k,5,115,-0.01402479347793905,0.01402479347793905
iq,reanalysis,reanalysis_max_air_temp_k,6,114,-0.14727554535403253,0.14727554535403253
iq,reanalysis,reanalysis_max_air_temp_k,7,113,-0.23671564652408594,0.23671564652408594
iq,reanalysis,reanalysis_max_air_temp_k,8,112,-0.3280196920789278,0.3280196920789278
iq,reanalysis,reanalysis_max_air_temp_k,9,111,-0.3014107033231727,0.3014107033231727
iq,reanalysis,reanalysis_max_air_temp_k,10,110,-0.1861865329542343,0.1861865329542343
iq,reanalysis,reanalysis_max_air_temp_k,11,109,-0.09943227244429291,0.09943227244429291
iq,reanalysis,reanalysis_max_air_temp_k,12,108,0.014072300530663127,0.014072300530663127
iq,reanalysis,reanalysis_max_air_temp_k,13,107,0.18217394040439996,0.18217394040439996
iq,reanalysis,reanalysis_max_air_temp_k,14,106,0.2598683928302507,0.2598683928302507
iq,reanalysis,reanalysis_min_air_temp_k,0,120,0.3178113775304407,0.3178113775304407
iq,reanalysis,reanalysis_min_air_temp_k,1,119,0.271691123464082,0.271691123464082
iq,reanalysis,reanalysis_min_air_temp_k,2,118,0.16113655693696968,0.16113655693696968
iq,reanalysis,reanalysis_min_air_temp_k,3,117,0.0005769517876201058,0.0005769517876201058
iq,reanalysis,reanalysis_min_air_temp_k,4,116,-0.20764268169535993,0.20764268169535993
iq,reanalysis,reanalysis_min_air_temp_k,5,115,-0.18921115957602702,0.18921115957602702
iq,reanalysis,reanalysis_min_air_temp_k,6,114,-0.22007687554606278,0.22007687554606278
iq,reanalysis,reanalysis_min_air_temp_k,7,113,-0.17070022224027367,0.17070022224027367
iq,reanalysis,reanalysis_min_air_temp_k,8,112,-0.04534480496967252,0.04534480496967252
iq,reanalysis,reanalysis_min_air_temp_k,9,111,0.10279788678686928,0.10279788678686928
iq,reanalysis,reanalysis_min_air_temp_k,10,110,0.26635221738949905,0.26635221738949905
iq,reanalysis,reanalysis_min_air_temp_k,11,109,0.34611575454465987,0.34611575454465987
iq,reanalysis,reanalysis_min_air_temp_k,12,108,0.3439515144294622,0.3439515144294622
iq,reanalysis,reanalysis_min_air_temp_k,13,107,0.2719532844236064,0.2719532844236064
iq,reanalysis,reanalysis_min_air_temp_k,14,106,0.13927354138257897,0.13927354138257897
iq,reanalysis,reanalysis_precip_amt_kg_per_m2,0,120,0.16328118126690583,0.16328118126690583
iq,reanalysis,reanalysis_precip_amt_kg_per_m2,1,119,0.1324118753322481,0.1324118753322481
iq,reanalysis,reanalysis_precip_amt_kg_per_m2,2,118,0.022811965478051623,0.022811965478051623
iq,reanalysis,reanalysis_precip_amt_kg_per_m2,3,117,-0.053549329138378274,0.053549329138378274
iq,reanalysis,reanalysis_precip_amt_kg_per_m2,4,116,-0.19785384930163083,0.19785384930163083
iq,reanalysis,reanalysis_precip_amt_kg_per_m2,5,115,-0.20151882829674772,0.20151882829674772
iq,reanalysis,reanalysis_precip_amt_kg_per_m2,6,114,-0.15224720977812461,0.15224720977812461
iq,reanalysis,reanalysis_precip_amt_kg_per_m2,7,113,-0.04955790164531815,0.04955790164531815
iq,reanalysis,reanalysis_precip_amt_kg_per_m2,8,112,0.09777161734270817,0.09777161734270817
iq,reanalysis,reanalysis_precip_amt_kg_per_m2,9,111,0.2274825095421184,0.2274825095421184
iq,reanalysis,reanalysis_precip_amt_kg_per_m2,10,110,0.2575330628162615,0.2575330628162615
iq,reanalysis,reanalysis_precip_amt_kg_per_m2,11,109,0.20835092792721055,0.20835092792721055
iq,reanalysis,reanalysis_precip_amt_kg_per_m2,12,108,0.29608320470746596,0.29608320470746596
iq,reanalysis,reanalysis_precip_amt_kg_per_m2,13,107,0.09705033062773176,0.09705033062773176
iq,reanalysis,reanalysis_precip_amt_kg_per_m2,14,106,-0.04226218542019661,0.04226218542019661
iq,reanalysis,reanalysis_relative_humidity_percent,0,120,0.19035074464833973,0.19035074464833973
iq,reanalysis,reanalysis_relative_humidity_percent,1,119,0.10595162609817874,0.10595162609817874
iq,reanalysis,reanalysis_relative_humidity_percent,2,118,0.01631030684018159,0.01631030684018159
iq,reanalysis,reanalysis_relative_humidity_percent,3,117,-0.07643279589025477,0.07643279589025477
iq,reanalysis,reanalysis_relative_humidity_percent,4,116,-0.13142438324975209,0.13142438324975209
iq,reanalysis,reanalysis_relative_humidity_percent,5,115,-0.09296703924293881,0.09296703924293881
iq,reanalysis,reanalysis_relative_humidity_percent,6,114,-0.004945144914623542,0.004945144914623542
iq,reanalysis,reanalysis_relative_humidity_percent,7,113,0.14594980969770563,0.14594980969770563
iq,reanalysis,reanalysis_relative_humidity_percent,8,112,0.23355771961410512,0.23355771961410512
iq,reanalysis,reanalysis_relative_humidity_percent,9,111,0.2835096937162177,0.2835096937162177
iq,reanalysis,reanalysis_relative_humidity_percent,10,110,0.24560272378474854,0.24560272378474854
iq,reanalysis,reanalysis_relative_humidity_percent,11,109,0.1768841478049321,0.1768841478049321
iq,reanalysis,reanalysis_relative_humidity_percent,12,108,0.17743788049787765,0.17743788049787765
iq,reanalysis,reanalysis_relative_humidity_percent,13,107,-0.005870319701995719,0.005870319701995719
iq,reanalysis,reanalysis_relative_humidity_percent,14,106,-0.17999892997174,0.17999892997174
iq,reanalysis,reanalysis_sat_precip_amt_mm,0,120,0.18743593479444773,0.18743593479444773
iq,reanalysis,reanalysis_sat_precip_amt_mm,1,119,0.14832768896204562,0.14832768896204562
iq,reanalysis,reanalysis_sat_precip_amt_mm,2,118,-0.07558287806897077,0.07558287806897077
iq,reanalysis,reanalysis_sat_precip_amt_mm,3,117,-0.10838716448193987,0.10838716448193987
iq,reanalysis,reanalysis_sat_precip_amt_mm,4,116,-0.22349671481636874,0.22349671481636874
iq,reanalysis,reanalysis_sat_precip_amt_mm,5,115,-0.26030606741782,0.26030606741782
iq,reanalysis,reanalysis_sat_precip_amt_mm,6,114,-0.1551668202341785,0.1551668202341785
iq,reanalysis,reanalysis_sat_precip_amt_mm,7,113,-0.004286288658655364,0.004286288658655364
iq,reanalysis,reanalysis_sat_precip_amt_mm,8,112,0.05975959081310618,0.05975959081310618
iq,reanalysis,reanalysis_sat_precip_amt_mm,9,111,0.2472127186988912,0.2472127186988912
iq,reanalysis,reanalysis_sat_precip_amt_mm,10,110,0.2768616129573283,0.2768616129573283
iq,reanalysis,reanalysis_sat_precip_amt_mm,11,109,0.2076834616340323,0.2076834616340323
iq,reanalysis,reanalysis_sat_precip_amt_mm,12,108,0.2636197308253178,0.2636197308253178
iq,reanalysis,reanalysis_sat_precip_amt_mm,13,107,0.14813487432976327,0.14813487432976327
iq,reanalysis,reanalysis_sat_precip_amt_mm,14,106,-0.11678452988353369,0.11678452988353369
iq,reanalysis,reanalysis_specific_humidity_g_per_kg,0,120,0.32576031783270437,0.32576031783270437
iq,reanalysis,reanalysis_specific_humidity_g_per_kg,1,119,0.2575533617775405,0.2575533617775405
iq,reanalysis,reanalysis_specific_humidity_g_per_kg,2,118,0.16531455941116194,0.16531455941116194
iq,reanalysis,reanalysis_specific_humidity_g_per_kg,3,117,0.011442189120251103,0.011442189120251103
iq,reanalysis,reanalysis_specific_humidity_g_per_kg,4,116,-0.1615080692374255,0.1615080692374255
iq,reanalysis,reanalysis_specific_humidity_g_per_kg,5,115,-0.18919355154974735,0.18919355154974735
iq,reanalysis,reanalysis_specific_humidity_g_per_kg,6,114,-0.1701348896324572,0.1701348896324572
iq,reanalysis,reanalysis_specific_humidity_g_per_kg,7,113,-0.05151488970827517,0.05151488970827517
iq,reanalysis,reanalysis_specific_humidity_g_per_kg,8,112,0.07399358899942712,0.07399358899942712
iq,reanalysis,reanalysis_specific_humidity_g_per_kg,9,111,0.2030842670829344,0.2030842670829344
iq,reanalysis,reanalysis_specific_humidity_g_per_kg,10,110,0.27825888098249746,0.27825888098249746
iq,reanalysis,reanalysis_specific_humidity_g_per_kg,11,109,0.2978452549043608,0.2978452549043608
iq,reanalysis,reanalysis_specific_humidity_g_per_kg,12,108,0.327178489613505,0.327178489613505
iq,reanalysis,reanalysis_specific_humidity_g_per_kg,13,107,0.214167304396918,0.214167304396918
iq,reanalysis,reanalysis_specific_humidity_g_per_kg,14,106,0.0417857523710054,0.0417857523710054
iq,reanalysis,reanalysis_tdtr_k,0,120,-0.1882131567119071,0.1882131567119071
iq,reanalysis,reanalysis_tdtr_k,1,119,-0.08455801151205186,0.08455801151205186
iq,reanalysis,reanalysis_tdtr_k,2,118,0.06017351092276189,0.06017351092276189
iq,reanalysis,reanalysis_tdtr_k,3,117,0.15477813019652292,0.15477813019652292
iq,reanalysis,reanalysis_tdtr_k,4,116,0.20317982022303369,0.20317982022303369
iq,reanalysis,reanalysis_tdtr_k,5,115,0.10714457836692176,0.10714457836692176
iq,reanalysis,reanalysis_tdtr_k,6,114,0.015906841089729163,0.015906841089729163
iq,reanalysis,reanalysis_tdtr_k,7,113,-0.11539740210675338,0.11539740210675338
iq,reanalysis,reanalysis_tdtr_k,8,112,-0.25524507233699306,0.25524507233699306
iq,reanalysis,reanalysis_tdtr_k,9,111,-0.31312717979895116,0.31312717979895116
iq,reanalysis,reanalysis_tdtr_k,10,110,-0.29869254841103465,0.29869254841103465
iq,reanalysis,reanalysis_tdtr_k,11,109,-0.2541330738766245,0.2541330738766245
iq,reanalysis,reanalysis_tdtr_k,12,108,-0.17635473984988342,0.17635473984988342
iq,reanalysis,reanalysis_tdtr_k,13,107,0.030401310353514975,0.030401310353514975
iq,reanalysis,reanalysis_tdtr_k,14,106,0.1794203149399769,0.1794203149399769
iq,station,station_avg_temp_c,0,120,0.21642068343024518,0.21642068343024518
iq,station,station_avg_temp_c,1,119,0.22357093222790428,0.22357093222790428
iq,station,station_avg_temp_c,2,118,0.155229112732244,0.155229112732244
iq,station,station_avg_temp_c,3,117,0.047336779035173526,0.047336779035173526
iq,station,station_avg_temp_c,4,116,-0.17075210360953222,0.17075210360953222
iq,station,station_avg_temp_c,5,115,-0.2996254720892936,0.2996254720892936
iq,station,station_avg_temp_c,6,114,-0.3577403712824715,0.3577403712824715
iq,station,station_avg_temp_c,7,113,-0.3564799771878972,0.3564799771878972
iq,station,station_avg_temp_c,8,112,-0.17585011075577886,0.17585011075577886
iq,station,station_avg_temp_c,9,111,0.01184078199204581,0.01184078199204581
iq,station,station_avg_temp_c,10,110,0.14757973622424916,0.14757973622424916
iq,station,station_avg_temp_c,11,109,0.2906522979719646,0.2906522979719646
iq,station,station_avg_temp_c,12,108,0.2774129190923631,0.2774129190923631
iq,station,station_avg_temp_c,13,107,0.22850751521285595,0.22850751521285595
iq,station,station_avg_temp_c,14,106,0.15158970342742348,0.15158970342742348
iq,station,station_diur_temp_rng_c,0,120,-0.0822129387110199,0.0822129387110199
iq,station,station_diur_temp_rng_c,1,119,0.03610555397731174,0.03610555397731174
iq,station,station_diur_temp_rng_c,2,118,0.09129022833395595,0.09129022833395595
iq,station,station_diur_temp_rng_c,3,117,0.043172461003863495,0.043172461003863495
iq,station,station_diur_temp_rng_c,4,116,-0.04787674671210048,0.04787674671210048
iq,station,station_diur_temp_rng_c,5,115,-0.044234417732004455,0.044234417732004455
iq,station,station_diur_temp_rng_c,6,114,-0.1686178199314097,0.1686178199314097
iq,station,station_diur_temp_rng_c,7,113,-0.3189070331729642,0.3189070331729642
iq,station,station_diur_temp_rng_c,8,112,-0.3065040370393243,0.3065040370393243
iq,station,station_diur_temp_rng_c,9,111,-0.2968429870479078,0.2968429870479078
iq,station,station_diur_temp_rng_c,10,110,-0.2718404741600085,0.2718404741600085
iq,station,station_diur_temp_rng_c,11,109,-0.12490152175958256,0.12490152175958256
iq,station,station_diur_temp_rng_c,12,108,-0.07220318867700275,0.07220318867700275
iq,station,station_diur_temp_rng_c,13,107,-0.01791020586340503,0.01791020586340503
iq,station,station_diur_temp_rng_c,14,106,0.09700337011242971,0.09700337011242971
iq,station,station_max_temp_c,0,120,0.08553486912613746,0.08553486912613746
iq,station,station_max_temp_c,1,119,0.17791881339845805,0.17791881339845805
iq,station,station_max_temp_c,2,118,0.1472861833087116,0.1472861833087116
iq,station,station_max_temp_c,3,117,0.0038789717967691855,0.0038789717967691855
iq,station,station_max_temp_c,4,116,-0.14279851084690834,0.14279851084690834
iq,station,station_max_temp_c,5,115,-0.2079546790476995,0.2079546790476995
iq,station,station_max_temp_c,6,114,-0.25979466900063536,0.25979466900063536
iq,station,station_max_temp_c,7,113,-0.350736182885608,0.350736182885608
iq,station,station_max_temp_c,8,112,-0.3216143435174952,0.3216143435174952
iq,station,station_max_temp_c,9,111,-0.17046413532033616,0.17046413532033616
iq,station,station_max_temp_c,10,110,-0.04664242205508003,0.04664242205508003
iq,station,station_max_temp_c,11,109,0.08750355339382267,0.08750355339382267
iq,station,station_max_temp_c,12,108,0.12036401906432345,0.12036401906432345
iq,station,station_max_temp_c,13,107,0.13774401119270127,0.13774401119270127
iq,station,station_max_temp_c,14,106,0.15207493624960175,0.15207493624960175
iq,station,station_min_temp_c,0,120,0.3289818675986162,0.3289818675986162
iq,station,station_min_temp_c,1,119,0.22365578458817714,0.22365578458817714
iq,station,station_min_temp_c,2,118,0.076232684278325,0.076232684278325
iq,station,station_min_temp_c,3,117,-0.06054045607828833,0.06054045607828833
iq,station,station_min_temp_c,4,116,-0.24058343773683738,0.24058343773683738
iq,station,station_min_temp_c,5,115,-0.3155553454552242,0.3155553454552242
iq,station,station_min_temp_c,6,114,-0.28543279867188415,0.28543279867188415
iq,station,station_min_temp_c,7,113,-0.1499673470536242,0.1499673470536242
iq,station,station_min_temp_c,8,112,0.0039681284993995595,0.0039681284993995595
iq,station,station_min_temp_c,9,111,0.17088147037730897,0.17088147037730897
iq,station,station_min_temp_c,10,110,0.24380623239484212,0.24380623239484212
iq,station,station_min_temp_c,11,109,0.3380072947081035,0.3380072947081035
iq,station,station_min_temp_c,12,108,0.30189696849001324,0.30189696849001324
iq,station,station_min_temp_c,13,107,0.24952333985389782,0.24952333985389782
iq,station,station_min_temp_c,14,106,0.07119768205046938,0.07119768205046938
iq,station,station_precip_mm,0,120,0.14773538741540315,0.14773538741540315
iq,station,station_precip_mm,1,119,0.1392607261305263,0.1392607261305263
iq,station,station_precip_mm,2,118,-0.010455249058082131,0.010455249058082131
iq,station,station_precip_mm,3,117,-0.02656344820355655,0.02656344820355655
iq,station,station_precip_mm,4,116,-0.12113877898047185,0.12113877898047185
iq,station,station_precip_mm,5,115,-0.0992996188537267,0.0992996188537267
iq,station,station_precip_mm,6,114,-0.008956688733159303,0.008956688733159303
iq,station,station_precip_mm,7,113,0.05282103941456128,0.05282103941456128
iq,station,station_precip_mm,8,112,-0.026414704669548077,0.026414704669548077
iq,station,station_precip_mm,9,111,0.1681810254485263,0.1681810254485263
iq,station,station_precip_mm,10,110,0.16915581442352734,0.16915581442352734
iq,station,station_precip_mm,11,109,0.18215746047753173,0.18215746047753173
iq,station,station_precip_mm,12,108,0.2689791678164247,0.2689791678164247
iq,station,station_precip_mm,13,107,0.17228524804344858,0.17228524804344858
iq,station,station_precip_mm,14,106,-0.004900331240313502,0.004900331240313502
sj,ndvi,ndvi_ne,0,217,0.11861754223001748,0.11861754223001748
sj,ndvi,ndvi_ne,1,216,0.07894022720454634,0.07894022720454634
sj,ndvi,ndvi_ne,2,215,0.07546917752724172,0.07546917752724172
sj,ndvi,ndvi_ne,3,214,0.0811363609114653,0.0811363609114653
sj,ndvi,ndvi_ne,4,213,0.06531215580673393,0.06531215580673393
sj,ndvi,ndvi_ne,5,212,0.08151593792052954,0.08151593792052954
sj,ndvi,ndvi_ne,6,211,0.11949708023601564,0.11949708023601564
sj,ndvi,ndvi_ne,7,210,0.16532318578144564,0.16532318578144564
sj,ndvi,ndvi_ne,8,209,0.2054174783964518,0.2054174783964518
sj,ndvi,ndvi_ne,9,208,0.14510612997523278,0.14510612997523278
sj,ndvi,ndvi_ne,10,207,0.07824667219945532,0.07824667219945532
sj,ndvi,ndvi_ne,11,206,0.0741852327627653,0.0741852327627653
sj,ndvi,ndvi_ne,12,205,0.08703717796137787,0.08703717796137787
sj,ndvi,ndvi_ne,13,204,0.09620201365260332,0.09620201365260332
sj,ndvi,ndvi_ne,14,203,0.11539087874599172,0.11539087874599172
sj,ndvi,ndvi_nw,0,217,0.055863611639717814,0.055863611639717814
sj,ndvi,ndvi_nw,1,216,0.0800991924754602,0.0800991924754602
sj,ndvi,ndvi_nw,2,215,0.09890812196485926,0.09890812196485926
sj,ndvi,ndvi_nw,3,214,0.13038527157131627,0.13038527157131627
sj,ndvi,ndvi_nw,4,213,0.103867330411599,0.103867330411599
sj,ndvi,ndvi_nw,5,212,0.08105226899975769,0.08105226899975769
sj,ndvi,ndvi_nw,6,211,0.06992804119505314,0.06992804119505314
sj,ndvi,ndvi_nw,7,210,0.07102008620672422,0.07102008620672422
sj,ndvi,ndvi_nw,8,209,0.09176532957112998,0.09176532957112998
sj,ndvi,ndvi_nw,9,208,0.06031107903440687,0.06031107903440687
sj,ndvi,ndvi_nw,10,207,0.024449743548865206,0.024449743548865206
sj,ndvi,ndvi_nw,11,206,0.05965737473557819,0.05965737473557819
sj,ndvi,ndvi_nw,12,205,0.09101512685428273,0.09101512685428273
sj,ndvi,ndvi_nw,13,204,0.14240587301164928,0.14240587301164928
sj,ndvi,ndvi_nw,14,203,0.1899077205770617,0.1899077205770617
sj,ndvi,ndvi_se,0,217,-0.0943808639457646,0.0943808639457646
sj,ndvi,ndvi_se,1,216,-0.09708057731706322,0.09708057731706322
sj,ndvi,ndvi_se,2,215,-0.1193364860008844,0.1193364860008844
sj,ndvi,ndvi_se,3,214,-0.1549029312467941,0.1549029312467941
sj,ndvi,ndvi_se,4,213,-0.17439469501760607,0.17439469501760607
sj,ndvi,ndvi_se,5,212,-0.15145120224299227,0.15145120224299227
sj,ndvi,ndvi_se,6,211,-0.10833316150207727,0.10833316150207727
sj,ndvi,ndvi_se,7,210,-0.03480029869784774,0.03480029869784774
sj,ndvi,ndvi_se,8,209,0.012753495222532916,0.012753495222532916
sj,ndvi,ndvi_se,9,208,0.009037041833218597,0.009037041833218597
sj,ndvi,ndvi_se,10,207,0.014820297177826661,0.014820297177826661
sj,ndvi,ndvi_se,11,206,-0.008113780147008235,0.008113780147008235
sj,ndvi,ndvi_se,12,205,-0.00013461061992869493,0.00013461061992869493
sj,ndvi,ndvi_se,13,204,-0.010225903218421085,0.010225903218421085
sj,ndvi,ndvi_se,14,203,-0.004129086412735564,0.004129086412735564
sj,ndvi,ndvi_sw,0,217,0.05673915283109136,0.05673915283109136
sj,ndvi,ndvi_sw,1,216,0.059089179204084824,0.059089179204084824
sj,ndvi,ndvi_sw,2,215,0.0016674494435791408,0.0016674494435791408
sj,ndvi,ndvi_sw,3,214,-0.07164348685009445,0.07164348685009445
sj,ndvi,ndvi_sw,4,213,-0.08242844602907747,0.08242844602907747
sj,ndvi,ndvi_sw,5,212,-0.079385156160158,0.079385156160158
sj,ndvi,ndvi_sw,6,211,-0.05799127413754038,0.05799127413754038
sj,ndvi,ndvi_sw,7,210,-0.007596928608815654,0.007596928608815654
sj,ndvi,ndvi_sw,8,209,0.025254714120612295,0.025254714120612295
sj,ndvi,ndvi_sw,9,208,-0.024168561572876654,0.024168561572876654
sj,ndvi,ndvi_sw,10,207,-0.06402582882545564,0.06402582882545564
sj,ndvi,ndvi_sw,11,206,-0.060624750540102565,0.060624750540102565
sj,ndvi,ndvi_sw,12,205,-0.03970063464921916,0.03970063464921916
sj,ndvi,ndvi_sw,13,204,-0.020635137467006348,0.020635137467006348
sj,ndvi,ndvi_sw,14,203,0.021584682956760574,0.021584682956760574
sj,precipitation,precipitation_amt_mm,0,217,0.13546349515856396,0.13546349515856396
sj,precipitation,precipitation_amt_mm,1,216,0.1271788884835111,0.1271788884835111
sj,precipitation,precipitation_amt_mm,2,215,0.10273137665911342,0.10273137665911342
sj,precipitation,precipitation_amt_mm,3,214,0.05976784175226406,0.05976784175226406
sj,precipitation,precipitation_amt_mm,4,213,-0.010521037405627246,0.010521037405627246
sj,precipitation,precipitation_amt_mm,5,212,-0.1178367374799161,0.1178367374799161
sj,precipitation,precipitation_amt_mm,6,211,-0.20700965551981027,0.20700965551981027
sj,precipitation,precipitation_amt_mm,7,210,-0.3218297693882419,0.3218297693882419
sj,precipitation,precipitation_amt_mm,8,209,-0.34103821528886624,0.34103821528886624
sj,precipitation,precipitation_amt_mm,9,208,-0.28278710275047797,0.28278710275047797
sj,precipitation,precipitation_amt_mm,10,207,-0.19715532503752695,0.19715532503752695
sj,precipitation,precipitation_amt_mm,11,206,-0.09188292694523734,0.09188292694523734
sj,precipitation,precipitation_amt_mm,12,205,0.03246336991131051,0.03246336991131051
sj,precipitation,precipitation_amt_mm,13,204,0.06693103058803702,0.06693103058803702
sj,precipitation,precipitation_amt_mm,14,203,0.0681882237021072,0.0681882237021072
sj,reanalysis,reanalysis_air_temp_k,0,217,0.18636625405827306,0.18636625405827306
sj,reanalysis,reanalysis_air_temp_k,1,216,0.2867562118556729,0.2867562118556729
sj,reanalysis,reanalysis_air_temp_k,2,215,0.3078655077738052,0.3078655077738052
sj,reanalysis,reanalysis_air_temp_k,3,214,0.24572300625201773,0.24572300625201773
sj,reanalysis,reanalysis_air_temp_k,4,213,0.12213396730669208,0.12213396730669208
sj,reanalysis,reanalysis_air_temp_k,5,212,-0.042774057050125935,0.042774057050125935
sj,reanalysis,reanalysis_air_temp_k,6,211,-0.22662769502589558,0.22662769502589558
sj,reanalysis,reanalysis_air_temp_k,7,210,-0.33243990934186607,0.33243990934186607
sj,reanalysis,reanalysis_air_temp_k,8,209,-0.3526842416299797,0.3526842416299797
sj,reanalysis,reanalysis_air_temp_k,9,208,-0.29253757691195703,0.29253757691195703
sj,reanalysis,reanalysis_air_temp_k,10,207,-0.15400885154539107,0.15400885154539107
sj,reanalysis,reanalysis_air_temp_k,11,206,0.0154922876327601,0.0154922876327601
sj,reanalysis,reanalysis_air_temp_k,12,205,0.16503083426217652,0.16503083426217652
sj,reanalysis,reanalysis_air_temp_k,13,204,0.2533901053887927,0.2533901053887927
sj,reanalysis,reanalysis_air_temp_k,14,203,0.2549024239583951,0.2549024239583951
sj,reanalysis,reanalysis_avg_temp_k,0,217,0.18056939404790234,0.18056939404790234
sj,reanalysis,reanalysis_avg_temp_k,1,216,0.2818885917994457,0.2818885917994457
sj,reanalysis,reanalysis_avg_temp_k,2,215,0.3072353735941006,0.3072353735941006
sj,reanalysis,reanalysis_avg_temp_k,3,214,0.24835055067018352,0.24835055067018352
sj,reanalysis,reanalysis_avg_temp_k,4,213,0.129079877131871,0.129079877131871
sj,reanalysis,reanalysis_avg_temp_k,5,212,-0.03420894229930713,0.03420894229930713
sj,reanalysis,reanalysis_avg_temp_k,6,211,-0.21821173004914599,0.21821173004914599
sj,reanalysis,reanalysis_avg_temp_k,7,210,-0.3267189732432988,0.3267189732432988
sj,reanalysis,reanalysis_avg_temp_k,8,209,-0.35015452884795634,0.35015452884795634
sj,reanalysis,reanalysis_avg_temp_k,9,208,-0.29218721782462825,0.29218721782462825
sj,reanalysis,reanalysis_avg_temp_k,10,207,-0.15628793509662167,0.15628793509662167
sj,reanalysis,reanalysis_avg_temp_k,11,206,0.0134918285805201,0.0134918285805201
sj,reanalysis,reanalysis_avg_temp_k,12,205,0.16279884944902195,0.16279884944902195
sj,reanalysis,reanalysis_avg_temp_k,13,204,0.2532120552997904,0.2532120552997904
sj,reanalysis,reanalysis_avg_temp_k,14,203,0.25668987324923187,0.25668987324923187
sj,reanalysis,reanalysis_dew_point_temp_k,0,217,0.21547518909139818,0.21547518909139818
sj,reanalysis,reanalysis_dew_point_temp_k,1,216,0.3032783201923669,0.3032783201923669
sj,reanalysis,reanalysis_dew_point_temp_k,2,215,0.32346242116004315,0.32346242116004315
sj,reanalysis,reanalysis_dew_point_temp_k,3,214,0.260314545342667,0.260314545342667
sj,reanalysis,reanalysis_dew_point_temp_k,4,213,0.1419565929750037,0.1419565929750037
sj,reanalysis,reanalysis_dew_point_temp_k,5,212,-0.01946161862340548,0.01946161862340548
sj,reanalysis,reanalysis_dew_point_temp_k,6,211,-0.20884468880763266,0.20884468880763266
sj,reanalysis,reanalysis_dew_point_temp_k,7,210,-0.3206368543815135,0.3206368543815135
sj,reanalysis,reanalysis_dew_point_temp_k,8,209,-0.34682354097456414,0.34682354097456414
sj,reanalysis,reanalysis_dew_point_temp_k,9,208,-0.2851415448734427,0.2851415448734427
sj,reanalysis,reanalysis_dew_point_temp_k,10,207,-0.14310303474997416,0.14310303474997416
sj,reanalysis,reanalysis_dew_point_temp_k,11,206,0.0364161695178227,0.0364161695178227
sj,reanalysis,reanalysis_dew_point_temp_k,12,205,0.19522992533834663,0.19522992533834663
sj,reanalysis,reanalysis_dew_point_temp_k,13,204,0.2911557772161243,0.2911557772161243
sj,reanalysis,reanalysis_dew_point_temp_k,14,203,0.3106373837425681,0.3106373837425681
sj,reanalysis,reanalysis_max_air_temp_k,0,217,0.20180410537918697,0.20180410537918697
sj,reanalysis,reanalysis_max_air_temp_k,1,216,0.2920261332790721,0.2920261332790721
sj,reanalysis,reanalysis_max_air_temp_k,2,215,0.31952071520560665,0.31952071520560665
sj,reanalysis,reanalysis_max_air_temp_k,3,214,0.26013759254525237,0.26013759254525237
sj,reanalysis,reanalysis_max_air_temp_k,4,213,0.14642547060998007,0.14642547060998007
sj,reanalysis,reanalysis_max_air_temp_k,5,212,-0.0109766073073885,0.0109766073073885
sj,reanalysis,reanalysis_max_air_temp_k,6,211,-0.2032026517657576,0.2032026517657576
sj,reanalysis,reanalysis_max_air_temp_k,7,210,-0.32066069337738246,0.32066069337738246
sj,reanalysis,reanalysis_max_air_temp_k,8,209,-0.359608366441468,0.359608366441468
sj,reanalysis,reanalysis_max_air_temp_k,9,208,-0.31068595303574914,0.31068595303574914
sj,reanalysis,reanalysis_max_air_temp_k,10,207,-0.16603929168339815,0.16603929168339815
sj,reanalysis,reanalysis_max_air_temp_k,11,206,-0.00543608820194027,0.00543608820194027
sj,reanalysis,reanalysis_max_air_temp_k,12,205,0.1366671746421877,0.1366671746421877
sj,reanalysis,reanalysis_max_air_temp_k,13,204,0.23150375795075262,0.23150375795075262
sj,reanalysis,reanalysis_max_air_temp_k,14,203,0.23670448482251827,0.23670448482251827
sj,reanalysis,reanalysis_min_air_temp_k,0,217,0.20318698241904687,0.20318698241904687
sj,reanalysis,reanalysis_min_air_temp_k,1,216,0.303393271152406,0.303393271152406
sj,reanalysis,reanalysis_min_air_temp_k,2,215,0.32400382723685434,0.32400382723685434
sj,reanalysis,reanalysis_min_air_temp_k,3,214,0.2643340888245205,0.2643340888245205
sj,reanalysis,reanalysis_min_air_temp_k,4,213,0.14179085159342064,0.14179085159342064
sj,reanalysis,reanalysis_min_air_temp_k,5,212,-0.02374303509278556,0.02374303509278556
sj,reanalysis,reanalysis_min_air_temp_k,6,211,-0.20107644345273334,0.20107644345273334
sj,reanalysis,reanalysis_min_air_temp_k,7,210,-0.30839009948631846,0.30839009948631846
sj,reanalysis,reanalysis_min_air_temp_k,8,209,-0.32809492534284174,0.32809492534284174
sj,reanalysis,reanalysis_min_air_temp_k,9,208,-0.27356821998708686,0.27356821998708686
sj,reanalysis,reanalysis_min_air_temp_k,10,207,-0.1413749974902007,0.1413749974902007
sj,reanalysis,reanalysis_min_air_temp_k,11,206,0.039375298346102594,0.039375298346102594
sj,reanalysis,reanalysis_min_air_temp_k,12,205,0.19135694711774157,0.19135694711774157
sj,reanalysis,reanalysis_min_air_temp_k,13,204,0.28432434037366233,0.28432434037366233
sj,reanalysis,reanalysis_min_air_temp_k,14,203,0.28774715932419387,0.28774715932419387
sj,reanalysis,reanalysis_precip_amt_kg_per_m2,0,217,0.19300977599729197,0.19300977599729197
sj,reanalysis,reanalysis_precip_amt_kg_per_m2,1,216,0.17298968302383944,0.17298968302383944
sj,reanalysis,reanalysis_precip_amt_kg_per_m2,2,215,0.11683590169097528,0.11683590169097528
sj,reanalysis,reanalysis_precip_amt_kg_per_m2,3,214,0.07016559618502334,0.07016559618502334
sj,reanalysis,reanalysis_precip_amt_kg_per_m2,4,213,-0.00876524656121743,0.00876524656121743
sj,reanalysis,reanalysis_precip_amt_kg_per_m2,5,212,-0.09935043909395533,0.09935043909395533
sj,reanalysis,reanalysis_precip_amt_kg_per_m2,6,211,-0.15179765822986344,0.15179765822986344
sj,reanalysis,reanalysis_precip_amt_kg_per_m2,7,210,-0.2049247651074057,0.2049247651074057
sj,reanalysis,reanalysis_precip_amt_kg_per_m2,8,209,-0.19503814782463944,0.19503814782463944
sj,reanalysis,reanalysis_precip_amt_kg_per_m2,9,208,-0.11700450754198391,0.11700450754198391
sj,reanalysis,reanalysis_precip_amt_kg_per_m2,10,207,-0.003900256983468276,0.003900256983468276
sj,reanalysis,reanalysis_precip_amt_kg_per_m2,11,206,0.09801319873070617,0.09801319873070617
sj,reanalysis,reanalysis_precip_amt_kg_per_m2,12,205,0.21193334986190648,0.21193334986190648
sj,reanalysis,reanalysis_precip_amt_kg_per_m2,13,204,0.21056765230700084,0.21056765230700084
sj,reanalysis,reanalysis_precip_amt_kg_per_m2,14,203,0.1934835542528569,0.1934835542528569
sj,reanalysis,reanalysis_relative_humidity_percent,0,217,0.19301747037723072,0.19301747037723072
sj,reanalysis,reanalysis_relative_humidity_percent,1,216,0.2190949236225705,0.2190949236225705
sj,reanalysis,reanalysis_relative_humidity_percent,2,215,0.22714494574521843,0.22714494574521843
sj,reanalysis,reanalysis_relative_humidity_percent,3,214,0.18590897600390577,0.18590897600390577
sj,reanalysis,reanalysis_relative_humidity_percent,4,213,0.12662976777063292,0.12662976777063292
sj,reanalysis,reanalysis_relative_humidity_percent,5,212,0.038358402643898476,0.038358402643898476
sj,reanalysis,reanalysis_relative_humidity_percent,6,211,-0.08769100243205304,0.08769100243205304
sj,reanalysis,reanalysis_relative_humidity_percent,7,210,-0.17069963176939096,0.17069963176939096
sj,reanalysis,reanalysis_relative_humidity_percent,8,209,-0.20335450937159363,0.20335450937159363
sj,reanalysis,reanalysis_relative_humidity_percent,9,208,-0.16341969708235915,0.16341969708235915
sj,reanalysis,reanalysis_relative_humidity_percent,10,207,-0.06594869196257631,0.06594869196257631
sj,reanalysis,reanalysis_relative_humidity_percent,11,206,0.0678205084796292,0.0678205084796292
sj,reanalysis,reanalysis_relative_humidity_percent,12,205,0.18913030096837394,0.18913030096837394
sj,reanalysis,reanalysis_relative_humidity_percent,13,204,0.2674397311393947,0.2674397311393947
sj,reanalysis,reanalysis_relative_humidity_percent,14,203,0.3194344934364167,0.3194344934364167
sj,reanalysis,reanalysis_sat_precip_amt_mm,0,217,0.13546349515856396,0.13546349515856396
sj,reanalysis,reanalysis_sat_precip_amt_mm,1,216,0.1271788884835111,0.1271788884835111
sj,reanalysis,reanalysis_sat_precip_amt_mm,2,215,0.10273137665911342,0.10273137665911342
sj,reanalysis,reanalysis_sat_precip_amt_mm,3,214,0.05976784175226406,0.05976784175226406
sj,reanalysis,reanalysis_sat_precip_amt_mm,4,213,-0.010521037405627246,0.010521037405627246
sj,reanalysis,reanalysis_sat_precip_amt_mm,5,212,-0.1178367374799161,0.1178367374799161
sj,reanalysis,reanalysis_sat_precip_amt_mm,6,211,-0.20700965551981027,0.20700965551981027
sj,reanalysis,reanalysis_sat_precip_amt_mm,7,210,-0.3218297693882419,0.3218297693882419
sj,reanalysis,reanalysis_sat_precip_amt_mm,8,209,-0.34103821528886624,0.34103821528886624
sj,reanalysis,reanalysis_sat_precip_amt_mm,9,208,-0.28278710275047797,0.28278710275047797
sj,reanalysis,reanalysis_sat_precip_amt_mm,10,207,-0.19715532503752695,0.19715532503752695
sj,reanalysis,reanalysis_sat_precip_amt_mm,11,206,-0.09188292694523734,0.09188292694523734
sj,reanalysis,reanalysis_sat_precip_amt_mm,12,205,0.03246336991131051,0.03246336991131051
sj,reanalysis,reanalysis_sat_precip_amt_mm,13,204,0.06693103058803702,0.06693103058803702
sj,reanalysis,reanalysis_sat_precip_amt_mm,14,203,0.0681882237021072,0.0681882237021072
sj,reanalysis,reanalysis_specific_humidity_g_per_kg,0,217,0.21875524771009777,0.21875524771009777
sj,reanalysis,reanalysis_specific_humidity_g_per_kg,1,216,0.3042584125252366,0.3042584125252366
sj,reanalysis,reanalysis_specific_humidity_g_per_kg,2,215,0.32136813457186475,0.32136813457186475
sj,reanalysis,reanalysis_specific_humidity_g_per_kg,3,214,0.2538135460430011,0.2538135460430011
sj,reanalysis,reanalysis_specific_humidity_g_per_kg,4,213,0.13334477923448596,0.13334477923448596
sj,reanalysis,reanalysis_specific_humidity_g_per_kg,5,212,-0.028375071863578596,0.028375071863578596
sj,reanalysis,reanalysis_specific_humidity_g_per_kg,6,211,-0.2161830370214271,0.2161830370214271
sj,reanalysis,reanalysis_specific_humidity_g_per_kg,7,210,-0.3270286818979667,0.3270286818979667
sj,reanalysis,reanalysis_specific_humidity_g_per_kg,8,209,-0.3523595736957381,0.3523595736957381
sj,reanalysis,reanalysis_specific_humidity_g_per_kg,9,208,-0.2893449367755567,0.2893449367755567
sj,reanalysis,reanalysis_specific_humidity_g_per_kg,10,207,-0.14340781441621198,0.14340781441621198
sj,reanalysis,reanalysis_specific_humidity_g_per_kg,11,206,0.037861004345983156,0.037861004345983156
sj,reanalysis,reanalysis_specific_humidity_g_per_kg,12,205,0.1979452504070787,0.1979452504070787
sj,reanalysis,reanalysis_specific_humidity_g_per_kg,13,204,0.2932684220974285,0.2932684220974285
sj,reanalysis,reanalysis_specific_humidity_g_per_kg,14,203,0.3098854365685424,0.3098854365685424
sj,reanalysis,reanalysis_tdtr_k,0,217,-0.10960512177116792,0.10960512177116792
sj,reanalysis,reanalysis_tdtr_k,1,216,-0.10360329131543279,0.10360329131543279
sj,reanalysis,reanalysis_tdtr_k,2,215,-0.08480226599745543,0.08480226599745543
sj,reanalysis,reanalysis_tdtr_k,3,214,-0.06693301066864485,0.06693301066864485
sj,reanalysis,reanalysis_tdtr_k,4,213,-0.033267985427271565,0.033267985427271565
sj,reanalysis,reanalysis_tdtr_k,5,212,0.008643141738464383,0.008643141738464383
sj,reanalysis,reanalysis_tdtr_k,6,211,-0.0006213682811058427,0.0006213682811058427
sj,reanalysis,reanalysis_tdtr_k,7,210,-0.0344109513615318,0.0344109513615318
sj,reanalysis,reanalysis_tdtr_k,8,209,-0.11375624969517734,0.11375624969517734
sj,reanalysis,reanalysis_tdtr_k,9,208,-0.17351382184153974,0.17351382184153974
sj,reanalysis,reanalysis_tdtr_k,10,207,-0.17367181617572294,0.17367181617572294
sj,reanalysis,reanalysis_tdtr_k,11,206,-0.1977774924952343,0.1977774924952343
sj,reanalysis,reanalysis_tdtr_k,12,205,-0.19741715668550666,0.19741715668550666
sj,reanalysis,reanalysis_tdtr_k,13,204,-0.18784366151795312,0.18784366151795312
sj,reanalysis,reanalysis_tdtr_k,14,203,-0.18259759234828626,0.18259759234828626
sj,station,station_avg_temp_c,0,217,0.20368847547107463,0.20368847547107463
sj,station,station_avg_temp_c,1,216,0.3360677448895048,0.3360677448895048
sj,station,station_avg_temp_c,2,215,0.3911676379233669,0.3911676379233669
sj,station,station_avg_temp_c,3,214,0.36434790060338695,0.36434790060338695
sj,station,station_avg_temp_c,4,213,0.27136587047807126,0.27136587047807126
sj,station,station_avg_temp_c,5,212,0.12102812839304342,0.12102812839304342
sj,station,station_avg_temp_c,6,211,-0.08309782241658144,0.08309782241658144
sj,station,station_avg_temp_c,7,210,-0.23305575661820335,0.23305575661820335
sj,station,station_avg_temp_c,8,209,-0.3041107843243957,0.3041107843243957
sj,station,station_avg_temp_c,9,208,-0.28854804016309443,0.28854804016309443
sj,station,station_avg_temp_c,10,207,-0.16367208846495537,0.16367208846495537
sj,station,station_avg_temp_c,11,206,0.016426399442189626,0.016426399442189626
sj,station,station_avg_temp_c,12,205,0.18528612471310169,0.18528612471310169
sj,station,station_avg_temp_c,13,204,0.311029563170553,0.311029563170553
sj,station,station_avg_temp_c,14,203,0.36430691060597736,0.36430691060597736
sj,station,station_diur_temp_rng_c,0,217,0.04016741833537225,0.04016741833537225
sj,station,station_diur_temp_rng_c,1,216,-0.0008986129350074038,0.0008986129350074038
sj,station,station_diur_temp_rng_c,2,215,0.0014321247967057622,0.0014321247967057622
sj,station,station_diur_temp_rng_c,3,214,0.022871964152353364,0.022871964152353364
sj,station,station_diur_temp_rng_c,4,213,0.12180923498418395,0.12180923498418395
sj,station,station_diur_temp_rng_c,5,212,0.22061329966706944,0.22061329966706944
sj,station,station_diur_temp_rng_c,6,211,0.2572495301681578,0.2572495301681578
sj,station,station_diur_temp_rng_c,7,210,0.3020134602185186,0.3020134602185186
sj,station,station_diur_temp_rng_c,8,209,0.2494113079124976,0.2494113079124976
sj,station,station_diur_temp_rng_c,9,208,0.15608869278047716,0.15608869278047716
sj,station,station_diur_temp_rng_c,10,207,0.1217693111338362,0.1217693111338362
sj,station,station_diur_temp_rng_c,11,206,0.08832281345108696,0.08832281345108696
sj,station,station_diur_temp_rng_c,12,205,0.09103261930311772,0.09103261930311772
sj,station,station_diur_temp_rng_c,13,204,0.08503786726681807,0.08503786726681807
sj,station,station_diur_temp_rng_c,14,203,0.05623770338493188,0.05623770338493188
sj,station,station_max_temp_c,0,217,0.21770320470535925,0.21770320470535925
sj,station,station_max_temp_c,1,216,0.31506748518373057,0.31506748518373057
sj,station,station_max_temp_c,2,215,0.36204510265958545,0.36204510265958545
sj,station,station_max_temp_c,3,214,0.3589481053778767,0.3589481053778767
sj,station,station_max_temp_c,4,213,0.3091595846852114,0.3091595846852114
sj,station,station_max_temp_c,5,212,0.19788019161764916,0.19788019161764916
sj,station,station_max_temp_c,6,211,0.017147791329353304,0.017147791329353304
sj,station,station_max_temp_c,7,210,-0.12097781594319693,0.12097781594319693
sj,station,station_max_temp_c,8,209,-0.22507406053387713,0.22507406053387713
sj,station,station_max_temp_c,9,208,-0.25439052885000496,0.25439052885000496
sj,station,station_max_temp_c,10,207,-0.1414640543494952,0.1414640543494952
sj,station,station_max_temp_c,11,206,0.003429491553618123,0.003429491553618123
sj,station,station_max_temp_c,12,205,0.14148801445030443,0.14148801445030443
sj,station,station_max_temp_c,13,204,0.24220024206831545,0.24220024206831545
sj,station,station_max_temp_c,14,203,0.2925199256602148,0.2925199256602148
sj,station,station_min_temp_c,0,217,0.19918146873572445,0.19918146873572445
sj,station,station_min_temp_c,1,216,0.34709443656878014,0.34709443656878014
sj,station,station_min_temp_c,2,215,0.39763335681266176,0.39763335681266176
sj,station,station_min_temp_c,3,214,0.36164884477477094,0.36164884477477094
sj,station,station_min_temp_c,4,213,0.24347354446836195,0.24347354446836195
sj,station,station_min_temp_c,5,212,0.0771436106777886,0.0771436106777886
sj,station,station_min_temp_c,6,211,-0.1342841282230926,0.1342841282230926
sj,station,station_min_temp_c,7,210,-0.27732849507691276,0.27732849507691276
sj,station,station_min_temp_c,8,209,-0.33710585861815756,0.33710585861815756
sj,station,station_min_temp_c,9,208,-0.3113517480431185,0.3113517480431185
sj,station,station_min_temp_c,10,207,-0.18910917287617937,0.18910917287617937
sj,station,station_min_temp_c,11,206,0.0009206868624263383,0.0009206868624263383
sj,station,station_min_temp_c,12,205,0.15942758607458132,0.15942758607458132
sj,station,station_min_temp_c,13,204,0.2727451346755082,0.2727451346755082
sj,station,station_min_temp_c,14,203,0.31892599573003655,0.31892599573003655
sj,station,station_precip_mm,0,217,0.11219768869669838,0.11219768869669838
sj,station,station_precip_mm,1,216,0.07550012191604175,0.07550012191604175
sj,station,station_precip_mm,2,215,0.0061830049891519155,0.0061830049891519155
sj,station,station_precip_mm,3,214,-0.028709462846649526,0.028709462846649526
sj,station,station_precip_mm,4,213,-0.06853197345784245,0.06853197345784245
sj,station,station_precip_mm,5,212,-0.153186852708601,0.153186852708601
sj,station,station_precip_mm,6,211,-0.1794455090889687,0.1794455090889687
sj,station,station_precip_mm,7,210,-0.24579969771664492,0.24579969771664492
sj,station,station_precip_mm,8,209,-0.2377484576126551,0.2377484576126551
sj,station,station_precip_mm,9,208,-0.17024085147228837,0.17024085147228837
sj,station,station_precip_mm,10,207,-0.1171593298411572,0.1171593298411572
sj,station,station_precip_mm,11,206,-0.05611736745358225,0.05611736745358225
sj,station,station_precip_mm,12,205,0.024990327870080146,0.024990327870080146
sj,station,station_precip_mm,13,204,0.026052892968306533,0.026052892968306533
sj,station,station_precip_mm,14,203,0.007263958533592323,0.007263958533592323
