week_start_date,observed,trend,seasonal,residual
1990-04-30,25.4428571429,26.879360422242026,0.6748233580550695,-2.111326637397095
1990-05-07,26.7142857143,26.881980728261805,-0.23794904464777497,0.07025403068596958
1990-05-14,26.7142857143,26.884607081904154,-0.2640620134905007,0.09374064588634923
1990-05-21,27.4714285714,26.887239442328557,0.5531561789702935,0.03103295010114948
1990-05-28,28.9428571429,26.889877590965053,1.6757775563311024,0.37720199560384415
1990-06-04,28.1142857143,26.89252110693495,1.1218014995114047,0.09996310785364315
1990-06-11,27.4142857143,26.895169043578573,0.8330132060969494,-0.3138965353755232
1990-06-18,28.3714285714,26.897820276621268,1.6914335605737165,-0.2178252657949855
1990-06-25,28.3285714286,26.900474089905405,1.3081133035284667,0.1199840351661301
1990-07-02,28.3285714286,26.903130096626654,1.4794738299252272,-0.05403249795188003
1990-07-09,27.5571428571,26.90578783568279,1.0285652167764998,-0.37721019535928946
1990-07-16,28.1285714286,26.90844697518091,1.3161896438608074,-0.09606519044171691
1990-07-23,28.1142857143,26.91110765234085,1.0217979928620784,0.18138006909707016
1990-07-30,28.2428571429,26.913770188161713,1.3688977040498835,-0.03981074931159512
1990-08-06,28.2,26.916434743160885,1.3177174323279517,-0.03415217548883831
1990-08-13,28.0428571429,26.919101492908403,1.055058315427914,0.06869733456368365
1990-08-20,28.3428571429,26.921770658799236,1.625082136650482,-0.2039956525497182
1990-08-27,28.6571428571,26.92444246284073,1.4675107177094713,0.2651896765497952
1990-09-03,28.3285714286,26.927117282501467,1.5289882872900766,-0.12753414119154272
1990-09-10,28.6857142857,26.92979532161725,1.708058522930984,0.04786044115176935
1990-09-17,28.2428571429,26.93247685788645,1.4297467173212925,-0.1193664323077428
1990-09-24,28.3428571429,26.935162204528012,1.2056016268246539,0.2020933115473369
1990-10-01,28.7714285714,26.937851765258287,1.4389108393380958,0.3946659668036183
1990-10-08,28.6285714286,26.940545687918306,1.4913572189028235,0.1966685217788715
1990-10-15,27.6285714286,26.943243626745065,1.1209198330097554,-0.4355920311548189
1990-10-22,26.7714285714,26.945944989510252,0.22687784277727208,-0.4013942608875247
1990-10-29,27.9714285714,26.948649600103927,1.1877658996646858,-0.16498692836861295
1990-11-05,28.4714285714,26.951357833737255,1.3836046326390963,0.13646610502365064
1990-11-12,27.5428571429,26.95407037033504,0.3561916145086982,0.23259515805626307
1990-11-19,26.8,26.956787793472696,-0.4634742456723999,0.30668645219970614
1990-11-26,26.2,26.959510356964508,-0.8096216311667637,0.05011127420225492
1990-12-03,25.9857142857,26.96223790036779,-0.7792699051279927,-0.19725370953979748
1990-12-10,24.6857142857,26.964970135318204,-2.001583507159101,-0.2776723424591019
1990-12-17,25.7142857143,26.967707045663364,-1.3760106425595313,0.12258931119616889
1990-12-24,25.1571428571,26.97044899196001,-1.930232584762466,0.11692644990245427
1991-01-01,24.3857142857,26.973196272660164,-2.644464537427135,0.05698255046697298
1991-01-08,24.9142857143,26.97594899475562,-1.79320940479552,-0.26845387566010004
1991-01-15,25.2428571429,26.978707242189653,-1.7789333014501378,0.043083202160485
1991-01-22,24.7142857143,26.981471485426592,-2.2694504863437235,0.0022647152171337837
1991-01-29,24.8285714286,26.984242334384728,-2.3428633130935563,0.18719240730882802
1991-02-05,25.0571428571,26.987020438238048,-2.1084610143441576,0.1785834332061107
1991-02-12,25.1428571429,26.98980617333977,-1.638266504342473,-0.20868252609729865
1991-02-19,25.8428571429,26.992599671251245,-1.2164729301974062,0.06673040184616141
1991-02-26,25.2571428571,26.99540141022377,-1.7796507937058015,0.04139224058203084
1991-03-05,26.0142857143,26.99821189541139,-1.0938862180288342,0.10996003691744605
1991-03-12,25.9285714286,27.00103138266703,-1.1884483845649056,0.11598843049787888
1991-03-19,26.0857142857,27.003859302140913,-0.7884539789543341,-0.12969103748658029
1991-03-26,26.0571428571,27.00669341784731,-1.0085846998776757,0.059034139130368146
1991-04-02,25.2428571429,27.009528612994256,-1.4109607679510836,-0.35571070214317047
1991-04-09,25.3,27.012353670721154,0.3721068051217543,-2.0844604758429064
1991-04-16,25.5142857143,27.01514696892761,-0.9958460835006644,-0.5050151711269422
1991-04-23,26.5285714286,27.01713897353353,-0.5286877572124643,0.040120212278932144
1991-04-30,27.3142857143,27.019036716620345,0.44562375476255317,-0.1503747570829006
1991-05-07,26.9285714286,27.020849468570542,-0.18897504144191613,0.09669700147137661
1991-05-14,26.5285714286,27.022595092824407,-0.2178671683552069,-0.276156495869202
1991-05-21,27.3857142857,27.02429699330784,0.5837512730592385,-0.2223339806670772
1991-05-28,27.9428571429,27.025982655382414,1.6373291309079523,-0.7204546433903687
1991-06-04,28.0714285714,27.02767880647807,0.9281208931390001,0.11562887178292769
1991-06-11,28.2285714286,27.029414784268557,0.888433868053277,0.31072277627816547
1991-06-18,28.9285714286,27.031216342503473,1.4268537484619008,0.47050133763462654
1991-06-25,27.9142857143,27.03310236642056,1.1400623138018715,-0.2588789659224311
1991-07-02,28.3714285714,27.035081036080513,1.5136807800903604,-0.17733324477087464
1991-07-09,28.4142857143,27.037156241843107,1.0834290254970695,0.293700446959825
1991-07-16,28.8,27.039330337716304,1.1307614718720418,0.6299081904116548
1991-07-23,28.0,27.041612006127952,0.9893671022500948,-0.03097910837804818
1991-07-30,28.5714285714,27.044014940510348,1.2183912086514643,0.3090224222381863
1991-08-06,28.5,27.046552833885976,1.2943180598548758,0.15912910625914733
1991-08-13,29.4285714286,27.049225524414478,1.093164628803228,1.2861812753822939
1991-08-20,29.2714285714,27.052017157141645,1.6006597173182517,0.6187516969401052
1991-08-27,28.1571428571,27.054906183615834,1.403244455211208,-0.30100778172704423
1991-09-03,28.9428571429,27.05786270941491,1.5769313282675246,0.30806310521756686
1991-09-10,28.9714285714,27.060850765600808,1.6141497521495245,0.2964280536496666
1991-09-17,28.9142857143,27.063828329934147,1.3839369228126233,0.46652046155323035
1991-09-24,28.1428571429,27.06675686106684,1.0748883796186792,0.0012119022144823077
1991-10-01,27.7428571429,27.069607704613198,1.2015958322008475,-0.5283463939140454
1991-10-08,27.6571428571,27.0723567084282,1.3652325873308329,-0.780446438659034
1991-10-15,28.5428571429,27.074976202827955,1.191360060212423,0.2765208798596248
1991-10-22,27.8285714286,27.077432048513295,0.5302922936819018,0.22084708640480244
1991-10-29,28.1142857143,27.07968996780415,1.0714562866153061,-0.03686054011945572
1991-11-05,27.1857142857,27.08172986323223,1.193641306684808,-1.0896568842170353
1991-11-12,26.6571428571,27.083550415252372,0.2895495512818606,-0.7159571094342354
1991-11-19,26.3142857143,27.085168995222897,-0.4116619847419047,-0.3592212961809942
1991-11-26,26.2714285714,27.08661473747697,-0.5554332782530774,-0.2597528878238933
1991-12-03,26.7285714286,27.087916746375765,-0.6680463698926287,0.30870105211686294
1991-12-10,25.6142857143,27.08909814543986,-1.5938259232588767,0.11901349211901646
1991-12-17,25.0,27.090177960365196,-1.218284613548959,-0.8718933468162362
1991-12-24,24.3571428571,27.09117993637013,-1.6921890652045486,-1.0418480140655788
1992-01-01,25.050476190433333,27.092128868166835,-1.9504858239422949,-0.09116685379120781
1992-01-08,25.6571428571,27.093049287609343,-1.702944100406703,0.2670376698973591
1992-01-15,25.4714285714,27.093967958360608,-1.797672514469362,0.17513312750875443
1992-01-22,24.8571428571,27.09490877722682,-2.280952320139409,0.04318640001259055
1992-01-29,24.8,27.095893500272993,-2.26790594473243,-0.027987555540562425
1992-02-05,24.7142857143,27.096944255792664,-2.014385836810916,-0.3682727046817469
1992-02-12,26.0285714286,27.098071328856413,-1.6593743753936203,0.5898744751372078
1992-02-19,25.7571428571,27.099279558717544,-1.2044175457001134,-0.13771915591743067
1992-02-26,25.2857142857,27.10056619202214,-1.7017894338864645,-0.11306247243567569
1992-03-04,25.6571428571,27.101930909718376,-1.3677462391589723,-0.07704181345940597
1992-03-11,25.7857142857,27.10337942590889,-1.3603806252402186,0.042715485031326494
1992-03-18,26.1,27.104925169307645,-0.9832800492305837,-0.021645120077060653
1992-03-25,26.2,27.106587721797602,-0.9305899453361343,0.024002223538531098
1992-04-01,26.2285714286,27.108383574428238,-1.0922676655008663,0.212455519672627
1992-04-08,26.9857142857,27.11032452090133,0.0018998585976583507,-0.1265100937989878
1992-04-15,26.8142857143,27.11242147994372,-0.7916277088842014,0.49349194324048185
1992-04-22,26.6714285714,27.11468433832773,-0.7225074094400985,0.2792516425123672
1992-04-29,27.3714285714,27.117126991815294,0.17669433837784082,0.07760724120686291
1992-05-06,26.7857142857,27.11976884631372,-0.11273404888165964,-0.2213205117320598
1992-05-13,27.4428571429,27.1226262645648,-0.16684938917359288,0.48708026750879085
1992-05-20,27.8571428571,27.125700223903923,0.5843724035241484,0.14707022967192884
1992-05-27,27.4285714286,27.12897851553323,1.5957513580690987,-1.2961584450023267
1992-06-03,27.5,27.13243641009224,0.768468517924669,-0.40090492801691013
1992-06-10,28.2,27.136044169538334,0.9082779377055958,0.1556778927560707
1992-06-17,28.2857142857,27.139781608679677,1.1794348687203782,-0.033502191700055306
1992-06-24,28.4857142857,27.143623638695512,0.9866469077404962,0.35544373926398976
1992-07-01,29.2285714286,27.147533461170365,1.5269648457497909,0.554073121679842
1992-07-08,28.7285714286,27.151471777741307,1.1204056082212832,0.45669404263740887
1992-07-15,27.6285714286,27.155393635492004,0.9839089116083304,-0.5107311185003347
1992-07-22,27.5571428571,27.159246155550115,0.9769876517728335,-0.5790909502229482
1992-07-29,27.9714285714,27.162982418533836,1.0984005603530067,-0.2899544074868423
1992-08-05,28.0714285714,27.166560268335505,1.2707719702342777,-0.3659036671697855
1992-08-12,27.6714285714,27.169941772947002,1.1373447645532198,-0.6358579661002217
1992-08-19,28.2142857143,27.173102525667378,1.5759933786740759,-0.5348101900414548
1992-08-26,28.2714285714,27.1760202012331,1.336467828418465,-0.24105945825156283
1992-09-02,28.7285714286,27.178690978781102,1.6404752850085005,-0.09059483518960221
1992-09-09,28.0285714286,27.18113331754816,1.5661190906607612,-0.7186809796089193
1992-09-16,28.1428571429,27.183386078042503,1.3623264103778117,-0.4028553455203152
1992-09-23,27.5571428571,27.18549669302647,0.9782147961662714,-0.6065686320927384
1992-09-30,27.9714285714,27.18749946510835,0.9708736216241342,-0.18694451533248113
1992-10-07,28.8857142857,27.189414968831606,1.2333677971281374,0.4629315197402555
1992-10-14,29.1571428571,27.191266724871785,1.2433702705144927,0.7225058617137208
1992-10-21,28.6571428571,27.193083751185014,0.8040736442163715,0.6599854616986143
1992-10-28,28.6714285714,27.194897556617033,0.9296931167514814,0.5468378980314874
1992-11-04,28.3857142857,27.196728855794664,1.0046132735140239,0.1843721563913121
1992-11-11,27.5428571429,27.19858642092734,0.20691028086084715,0.137360441111813
1992-11-18,26.6857142857,27.200470980531684,-0.35615995715552035,-0.158596737676163
1992-11-25,27.4,27.202380368132232,-0.31096587214638666,0.5085855040141531
1992-12-02,26.6285714286,27.204317667515898,-0.5535101861830583,-0.022236052732839795
1992-12-09,26.9142857143,27.20629490972365,-1.210559670308139,0.9185504748844906
1992-12-16,26.6857142857,27.20832170886439,-1.0753854531792661,0.5527780300148777
1992-12-23,25.9142857143,27.210394392675944,-1.4700525351987979,0.17394385682285218
1993-01-01,25.89017857141875,27.21250385862415,-1.2628599169146777,-0.05946537029072019
1993-01-08,25.8714285714,27.21464525304445,-1.6131295832419144,0.26991290159746484
1993-01-15,24.5,27.21681634293507,-1.7908882401209485,-0.9259281028141189
1993-01-22,24.8571428571,27.21901796655789,-2.283361407538827,-0.07851370191906071
1993-01-29,24.4,27.221254745539113,-2.1736908307451177,-0.6475639147939987
1993-02-05,26.6714285714,27.223524055850834,-1.9395198786959287,1.3874243942450946
1993-02-12,25.4285714286,27.225829297836082,-1.6598792193472705,-0.13737864988880943
1993-02-19,26.2714285714,27.228174803640496,-1.1838932180179864,0.22714698577749104
1993-02-26,25.7,27.230563745896085,-1.6280783966241923,0.09751465072810817
1993-03-05,25.5714285714,27.23299646036937,-1.6230604589255855,-0.03850743004378643
1993-03-12,24.9,27.235462271600756,-1.5126269801494445,-0.8228352914513124
1993-03-19,26.9285714286,27.23793943365341,-1.195833631605834,0.8864656265524253
1993-03-26,26.1428571429,27.24040334164574,-0.8419013917398946,-0.25564480700584724
1993-04-02,26.8857142857,27.24282759952587,-0.8343508818335622,0.47723756800769124
1993-04-09,27.2,27.245185408041227,-0.3721204816060167,0.32693507356479046
1993-04-16,27.0714285714,27.24745337375983,-0.6032549118366919,0.4272301094768629
1993-04-23,25.8714285714,27.24961361010085,-0.8765308577371164,-0.5016541809637367
1993-04-30,27.4857142857,27.251647257227695,-0.1196906044976498,0.3537576329699519
1993-05-07,26.9428571429,27.253527435136675,-0.025231432404726757,-0.28543885983194883
1993-05-14,26.4714285714,27.255225448633876,-0.07401369617294325,-0.7097831810609314
1993-05-21,28.2285714286,27.256714934567242,0.5676304857865536,0.4042260082462015
1993-05-28,28.9428571429,27.25797252476056,1.5568244801314572,0.12806013800798155
1993-06-04,27.6428571429,27.258974264079743,0.6228251435953894,-0.23894226477513314
1993-06-11,29.9,27.2597008928066,0.8729160527663515,1.7673830544270466
1993-06-18,27.7285714286,27.260139664759112,0.9075151655206909,-0.439083401679806
1993-06-25,27.3428571429,27.26029441681406,0.8841274746161263,-0.8015647485301827
1993-07-02,28.8428571429,27.260197042157838,1.5571993590659217,0.025460741676241128
1993-07-09,28.2428571429,27.2599056849554,1.1099940414268592,-0.1270425834822575
1993-07-16,27.8857142857,27.259486311930292,0.8188290472879876,-0.19260107351827926
1993-07-23,28.5,27.259000999879657,0.9783821032486074,0.2626168968717373
1993-07-30,27.9428571429,27.25850566655523,0.9716518743111097,-0.2873003979663409
1993-08-06,29.0285714286,27.258048551886084,1.2242684476481145,0.5462544290658009
1993-08-13,29.0285714286,27.257672411203732,1.123935570134151,0.6469634472621166
1993-08-20,29.4142857143,27.257412019280647,1.485029580211873,0.671844114807481
1993-08-27,28.9714285714,27.257298817104758,1.2823776292038847,0.4317521250913572
1993-09-03,28.6571428571,27.257356260335307,1.685023196222182,-0.285236599457491
1993-09-10,28.4285714286,27.257592669605167,1.4969259620109852,-0.325947203016149
1993-09-17,28.6,27.258001996059846,1.317563737233347,0.024434266706808927
1993-09-24,28.1571428571,27.25856390772689,0.9119867906312639,-0.013407841258157305
1993-10-01,28.2857142857,27.259250889740372,0.8089995655044689,0.21746383045515927
1993-10-08,28.0142857143,27.26003763887977,1.145558609716556,-0.39131053429632345
1993-10-15,28.4,27.260898819031983,1.279920195755949,-0.14081901478793313
1993-10-22,28.2,27.26181334855881,1.0433955306476335,-0.10520887920644384
1993-10-29,28.0714285714,27.2627664553815,0.7810646250698219,0.027597490948679138
1993-11-05,27.9,27.263749873072932,0.8409183274142402,-0.20466820048717338
1993-11-12,27.6428571429,27.264754906671083,0.15348441645048078,0.22461781977843387
1993-11-19,27.1714285714,27.265771438475255,-0.2772360316496974,0.18289316457444116
1993-11-26,26.8857142857,27.266789432214782,-0.049452365585365296,-0.3316227809294148
1993-12-03,26.7857142857,27.267797904660046,-0.4671834836121045,-0.014900135347943433
1993-12-10,26.5285714286,27.268791920636634,-0.8244734357771432,0.08425294374050907
1993-12-17,26.2285714286,27.26977881016844,-0.8892743813163909,-0.15193300025205048
1993-12-24,26.0428571429,27.27077616976383,-1.2362454301907078,0.008326403326876175
1994-01-01,26.9714285714,27.27180236349603,-0.5839647315752264,0.2835909394791969
1994-01-08,25.5,27.27287547122657,-1.5431872530544204,-0.22968821817215002
1994-01-15,25.4571428571,27.274010472276004,-1.815347591682442,-0.0015200234935619505
1994-01-22,25.0857142857,27.275224699354325,-2.278216198664979,0.08870578501065296
1994-01-29,25.3285714286,27.276528402195318,-2.0890610019716878,0.14110402837636826
1994-02-05,25.7857142857,27.27792429692997,-1.8382821151062094,0.34607210387623866
1994-02-12,25.2571428571,27.27940874640885,-1.6979247236202333,-0.3243411656886188
1994-02-19,25.7,27.28097397075163,-1.145462607517195,-0.4355113632344363
1994-02-26,25.7428571429,27.282618755745997,-1.553935299045486,0.01417368619948789
1994-03-05,25.3142857143,27.2843416519359,-1.8501139711907075,-0.11994196644519306
1994-03-12,25.8857142857,27.286139285235766,-1.6697887159704925,0.2693637164347287
1994-03-19,25.8428571429,27.288013721830595,-1.4106488477619161,-0.034507731168677225
1994-03-26,26.7285714286,27.28996132907833,-0.7524725132847462,0.19108261280641514
1994-04-02,26.7,27.291975072737564,-0.7056181757780449,0.11364310304048075
1994-04-09,26.4285714286,27.294046669102652,-0.7169508144627256,-0.14852442603992344
1994-04-16,25.9714285714,27.296167126622898,-0.46307885801013043,-0.8616596972127653
1994-04-23,25.9714285714,27.298325899861354,-1.0451687923322002,-0.28172853612915105
1994-04-30,26.6714285714,27.300517900917587,-0.4733239473638332,-0.1557653821537528
1994-05-07,27.7571428571,27.302735516700995,0.20407741806355537,0.2503299223354496
1994-05-14,27.4142857143,27.304974570866534,0.043197374907338215,0.06611376852612949
1994-05-21,27.7142857143,27.307240310368062,0.32350823472984075,0.08353716920209919
1994-05-28,29.1,27.30953989230086,1.641865795184207,0.14859431251493405
1994-06-04,28.5714285714,27.311878560701373,0.6247810841248637,0.6347689265737628
1994-06-11,28.2285714286,27.314259767119463,0.6043264800338952,0.3099851814466419
1994-06-18,28.3285714286,27.31667455337683,0.5916283013318124,0.42026857389135586
1994-06-25,28.0714285714,27.31910422139142,0.8932491100554945,-0.14092476004691434
1994-07-02,28.4,27.321521406034343,1.4967942794903248,-0.4183156855246679
1994-07-09,27.9285714286,27.323891587646802,1.1407399613088096,-0.5360601203556108
1994-07-16,28.1714285714,27.326182578273386,0.9450424114050026,-0.09979641827838748
1994-07-23,28.2571428571,27.328374002995137,1.1279847122928275,-0.19921585818796572
1994-07-30,28.5142857143,27.33045160299223,0.9441731635052456,0.2396609478025269
1994-08-06,28.2571428571,27.332413829424446,1.2194266356897492,-0.29469760801419653
1994-08-13,28.3857142857,27.334274481149752,1.3256219573841217,-0.27418215283387326
1994-08-20,28.5142857143,27.33606321339524,1.344809578330343,-0.16658707742557866
1994-08-27,28.5714285714,27.337818589020152,1.2676652443727674,-0.03405526199292197
1994-09-03,29.4285714286,27.339575822270387,1.7336750150096836,0.35532059131993066
1994-09-10,29.2857142857,27.341364636813253,1.6496547235464378,0.29469492534030906
1994-09-17,28.5571428571,27.343209064454417,1.495447194997371,-0.2815134023517878
1994-09-24,28.3714285714,27.34512508395017,1.1421345736877067,-0.11583108623787552
1994-10-01,28.0142857143,27.347126952430326,0.8136788359740894,-0.14652007410441215
1994-10-08,28.7142857143,27.349229305186455,1.0014633539075155,0.3635930552060316
1994-10-15,28.3285714286,27.351447517822777,1.1098684445594205,-0.13274453378219775
1994-10-22,28.5714285714,27.353796746108966,0.8966977900612466,0.3209340352297865
1994-10-29,27.6714285714,27.35628597346449,0.5235685241685605,-0.20842592623305123
1994-11-05,28.1571428571,27.358910132925708,0.7275054279430865,0.07072729623120466
1994-11-12,27.3142857143,27.361660405248568,0.05724425858684939,-0.10461894953541773
1994-11-19,27.2857142857,27.36451994687217,-0.19361920521756265,0.1148135440453899
1994-11-26,27.8571428571,27.36745994070388,-0.0002881928658625549,0.4899711092619832
1994-12-03,26.8857142857,27.370448772836284,-0.43101292754746073,-0.05372155958882274
1994-12-10,26.3714285714,27.373452919878776,-0.6877722689381583,-0.3142520795406192
1994-12-17,26.5857142857,27.37643781881898,-0.8461599484000316,0.0554364152810507
1994-12-24,26.6428571429,27.379373372340208,-1.2577211062205877,0.5212048767803772
1995-01-01,27.3142857143,27.382241321303997,-0.19427119787390626,0.12631559086990762
1995-01-08,25.7,27.385028032570766,-1.5079937999899298,-0.17703423258083717
1995-01-15,25.7714285714,27.3877202726779,-1.6984697004398288,0.08217799916193158
1995-01-22,24.7571428571,27.390302058755015,-2.0928058769214024,-0.5403533247336121
1995-01-29,26.1285714286,27.392766032507964,-1.9886760589700947,0.7244814550621328
1995-02-05,25.5,27.395119725567465,-1.828696310928908,-0.06642341463855672
1995-02-12,26.0857142857,27.39737389136863,-1.750124559133494,0.43846495346486236
1995-02-19,26.6285714286,27.399531644445652,-1.2039013776633096,0.4329411618176593
1995-02-26,25.9285714286,27.401580709152295,-1.5722132102789175,0.09920392972662384
1995-03-05,25.2428571429,27.40350314489094,-1.8776306178665578,-0.28301538412438276
1995-03-12,25.5,27.405279844320336,-1.6278613148654768,-0.27741852945485945
1995-03-19,25.2571428571,27.406896299459746,-1.5956458283108952,-0.5541076140488492
1995-03-26,24.6285714286,27.408345553015785,-0.742192396724744,-2.037581727691041
1995-04-02,25.2428571429,27.409631703081352,-0.8879675910187277,-1.2788069691626234
1995-04-09,25.9714285714,27.410767778598963,-0.9395348306022507,-0.4998043765967104
1995-04-16,27.2857142857,27.411766486449746,-0.5852320998157207,0.45917989906597256
1995-04-23,26.6571428571,27.412629011484974,-0.9362260417553431,0.18073988737036828
1995-04-30,26.3285714286,27.413342515688537,-0.8098795232016082,-0.2748915638869285
1995-05-07,27.8428571429,27.41388936142538,0.5516677460632666,-0.1226999645886444
1995-05-14,27.7714285714,27.414241375540897,0.3238020224353979,0.033385173423706505
1995-05-21,26.9142857143,27.41436511709133,0.17808051195622407,-0.6781599147475532
1995-05-28,27.2285714286,27.41422535067248,1.4394591397274072,-1.6251130617998903
1995-06-04,27.7,27.4138048245034,0.731900555128361,-0.4457053796317645
1995-06-11,27.3,27.413101647901232,0.42512913432967503,-0.538230782230908
1995-06-18,27.7714285714,27.412117828086785,0.301807492189408,0.057503251123808496
1995-06-25,28.8428571429,27.410858983555322,1.0511686190916176,0.3808295402530604
1995-07-02,29.2142857143,27.409329426958458,1.4315540203476138,0.37340226699392787
1995-07-09,29.6571428571,27.40751922848471,1.2924683326370356,0.9571552959782537
1995-07-16,29.2857142857,27.40540822025204,1.1258359719787783,0.7544700934691839
1995-07-23,29.2285714286,27.40296882703936,1.1383477603717502,0.6872548411888886
1995-07-30,28.5571428571,27.400173669712267,0.9471734237762215,0.2097957636115133
1995-08-06,28.7,27.39699073021392,1.220486654858586,0.08252261492749469
1995-08-13,29.0,27.39338252879716,1.3937828339925509,0.21283463721028895
1995-08-20,30.0714285714,27.389306814385407,1.3272300805006327,1.354891676513958
1995-08-27,28.4285714286,27.384719333032454,1.1887828708715213,-0.14493077530397258
1995-09-03,29.1142857143,27.379584818450102,1.8376644648589264,-0.10296356900902737
1995-09-10,29.5714285714,27.373883203894007,1.805705336899264,0.39184003060672623
1995-09-17,29.3714285714,27.36760409011001,1.679595197882001,0.3242292834079876
1995-09-24,29.5857142857,27.360736658962807,1.3167810586120035,0.908196568125188
1995-10-01,29.9571428571,27.353267340896394,0.7841079484990373,1.8197675677045666
1995-10-08,28.0571428571,27.345184954683123,0.9705819407609616,-0.25862403834408454
1995-10-15,28.3857142857,27.336484867788077,0.9767283710136628,0.07250104689826031
1995-10-22,27.8428571429,27.327168439777193,0.7848674903573837,-0.26917878723457633
1995-10-29,27.4714285714,27.317236301124584,0.4721970365737545,-0.31800476629833696
1995-11-05,28.0428571429,27.30668824345492,0.6420966426710694,0.09407225677400888
1995-11-12,27.2285714286,27.295528770742784,-0.04387055965740494,-0.023086782485378876
1995-11-19,27.1571428571,27.2837700336838,-0.1854539789447518,0.05882680236094728
1995-11-26,27.3142857143,27.271431524778784,-0.028139951461707464,0.070994140982922
1995-12-03,27.2,27.258528643931527,-0.4763174515798188,0.41778880764829296
1995-12-10,27.0142857143,27.245065920189703,-0.6300301217630978,0.39924991587339775
1995-12-17,26.6142857143,27.23104270823769,-0.8620194044845392,0.2452624105468466
1995-12-24,25.7142857143,27.216464037053644,-1.3255779169743485,-0.17660040577929337
1996-01-01,25.1857142857,27.2013368783654,-0.10866351051439682,-1.9069590821510012
1996-01-08,26.2571428571,27.1856648698149,-1.4085446590749162,0.4800226463600161
1996-01-15,25.9714285714,27.169445300199147,-1.7395332502100687,0.541516521410923
1996-01-22,25.5857142857,27.152669303171862,-1.8868479907302884,0.31989297325842614
1996-01-29,24.7857142857,27.135346528641712,-1.9375265506183952,-0.41210569232331906
1996-02-05,25.1571428571,27.117489979524986,-2.231610162292463,0.271263039867474
1996-02-12,25.3142857143,27.09912836410612,-1.7696208050852857,-0.015221844720837652
1996-02-19,25.9714285714,27.080314468466725,-1.4116853940598915,0.3027994969931669
1996-02-26,25.5571428571,27.061115774415807,-1.7127811370664834,0.20880821975067576
1996-03-04,25.5714285714,27.041596671590455,-1.8410888187575933,0.37092071856713815
1996-03-11,26.2428571429,27.02181898983212,-1.6482039324727813,0.8692420855406624
1996-03-18,26.2,27.00184166842562,-1.786676865960819,0.9848351975351974
1996-03-25,26.4,26.981733986470438,-0.7932646703836898,0.21153068391324936
1996-04-01,25.9285714286,26.961570041211157,-1.144514103101085,0.11151549048992848
1996-04-08,26.2285714286,26.941413236729293,-1.0871675132186147,0.37432570508931917
1996-04-15,26.1285714286,26.921333433054013,-0.5897775931246563,-0.20298441132935707
1996-04-22,26.1285714286,26.90139773954646,-0.9558589009120801,0.18303258996562022
1996-04-29,26.0142857143,26.88166471298127,-0.7629967325431641,-0.10438226613810286
1996-05-06,25.4428571429,26.862184820665366,0.8689276458037111,-2.2882553235690786
1996-05-13,25.8428571429,26.84299946647473,0.45193076204364724,-1.4520730856183768
1996-05-20,26.7285714286,26.824125594134806,0.2309964538103721,-0.3265506193451806
1996-05-27,28.1142857143,26.805570996961176,1.1873526609502432,0.12136205638858044
1996-06-03,27.8142857143,26.787347381210996,0.7010262382091348,0.32591209487986816
1996-06-10,26.9428571429,26.769467612204465,0.6057396170489956,-0.4323500863534626
1996-06-17,26.4428571429,26.751942652119872,0.36857702269391146,-0.6776625319137857
1996-06-24,27.6857142857,26.73477523866459,1.271839977654672,-0.32090093061925984
1996-07-01,27.9428571429,26.717964956224353,1.4872965013750672,-0.2624043146994204
1996-07-08,28.0142857143,26.70151073148174,1.5407177112202173,-0.22794272840195617
1996-07-15,27.2714285714,26.685408776629846,1.3263938499780392,-0.7403740552078837
1996-07-22,27.5142857143,26.669675297958904,1.0706603012888225,-0.2260498849477237
1996-07-29,27.1714285714,26.654344112204328,0.9494246249975716,-0.43234016580190016
1996-08-05,27.6714285714,26.63946114554858,1.3171272655167159,-0.28515983966529745
1996-08-12,28.0142857143,26.62508693661791,1.4674598973321697,-0.07826111965007954
1996-08-19,26.7857142857,26.611290476916874,1.3904128698168559,-1.2159890610337314
1996-08-26,27.7571428571,26.59813609320953,1.0993729661889637,0.05963379770150823
1996-09-02,28.4857142857,26.58568419471504,1.8320755018806743,0.06795458910428565
1996-09-09,27.9428571429,26.57399315602825,1.8044262286721633,-0.43556224180041525
1996-09-16,27.0428571429,26.563125369738973,1.8047032488211632,-1.324971475660135
1996-09-23,27.8714285714,26.55314877007515,1.3872831939801349,-0.06900339265528643
1996-09-30,27.4142857143,26.544125854592675,0.7572291523176155,0.11293070738970812
1996-10-07,27.2857142857,26.53610980526712,1.0454138582979136,-0.2958093778650337
1996-10-14,27.5714285714,26.529144382965633,0.8485890252353796,0.19369516319898494
1996-10-21,29.0428571429,26.523255999488207,0.7641393974948503,1.7554617459169428
1996-10-28,27.0428571429,26.51844537244994,0.6263622915143338,-0.10195052106427127
1996-11-04,26.8428571429,26.51470036535369,0.6004036405517353,-0.27224686300542444
1996-11-11,26.1571428571,26.5119902066654,0.04100914660859805,-0.3958564961739981
1996-11-18,25.8714285714,26.51027577146848,-0.15404810593787677,-0.48479909413060085
1996-11-25,25.6142857143,26.509521999960914,-0.07667179892912593,-0.8185644867317876
1996-12-02,25.0142857143,26.50970203010586,-0.5633765548115438,-0.9320397609943143
1996-12-09,24.8,26.51079916537675,-0.593106492742437,-1.1176926726343126
1996-12-16,24.9571428571,26.51280984563856,-0.8093965283365373,-0.7462704602020231
1996-12-23,24.5142857143,26.51573367771828,-1.244851982053026,-0.7565959813652547
1997-01-01,26.6285714286,26.519557511314595,-0.2235835941886959,0.332597511474102
1997-01-08,24.6714285714,26.52426733079495,-1.2413054399789398,-0.611533319416008
1997-01-15,24.3857142857,26.529850128474873,-1.8443003908718496,-0.2998354519030215
1997-01-22,24.9,26.536291888579992,-1.6852750979503717,0.04898320937037681
1997-01-29,24.6285714286,26.543561674012253,-1.9915407171857171,0.07655047177346574
1997-02-05,23.7,26.55162191987834,-2.468038446720634,-0.3835834731577066
1997-02-12,24.5714285714,26.560423009739313,-2.013399723934949,0.02440528559563404
1997-02-19,24.6857142857,26.569914917825148,-1.8213779891500443,-0.0628226429751031
1997-02-26,24.4714285714,26.580051311682723,-2.009882183438673,-0.09874055684404937
1997-03-05,24.5714285714,26.59079299726095,-1.7354845629448705,-0.28387986291608414
1997-03-12,24.3571428571,26.602098079385332,-1.610127670684235,-0.634827551601095
1997-03-19,24.7428571429,26.613911442118443,-1.8545497242952251,-0.016504574923217774
1997-03-26,25.3142857143,26.62618438314773,-0.9089858135780705,-0.4029128552696619
1997-04-02,25.0857142857,26.638880336893585,-1.289667052650308,-0.26349899854327674
1997-04-09,25.3571428571,26.651975674647726,-1.081776247832151,-0.2130565697155724
1997-04-16,25.9,26.665447821367565,-0.6272907807092892,-0.13815704065827816
1997-04-23,27.6714285714,26.679286732465048,-1.1284270054049264,2.1205688443398785
1997-04-30,27.7714285714,26.693486930481793,-0.5465258619466008,1.6244675028648103
1997-05-07,27.9285714286,26.708027375707484,1.1208257960302122,0.09971825686230673
1997-05-14,27.5714285714,26.72286866114278,0.45885124927382914,0.3897086609833913
1997-05-21,27.5857142857,26.737956065904687,0.5041443304310659,0.34361388936424575
1997-05-28,27.3142857143,26.75323945913227,1.0132712229147096,-0.4522249677469823
1997-06-04,27.2714285714,26.76868437737992,0.7928257128164364,-0.2900815187963559
1997-06-11,28.6,26.78425096274208,0.8654461285520063,0.9503029087059147
1997-06-18,29.0142857143,26.799887876207656,0.5198814927389608,1.6945163453533851
1997-06-25,28.6571428571,26.815534551429742,1.23395197228547,0.6076563333847851
1997-07-02,28.4142857143,26.83112872487215,1.529719075987776,0.053437913440074425
1997-07-09,29.0142857143,26.84661232721124,1.541382268910848,0.6262911181779138
1997-07-16,28.6142857143,26.861927215666316,1.3256405596702976,0.4267179389633853
1997-07-23,27.9,26.877016793315388,0.8480557922017405,0.17492741448286964
1997-07-30,27.8285714286,26.891823607966735,0.9957613914520583,-0.0590135708187951
1997-08-06,28.6428571429,26.90629296390039,1.4367256844791783,0.2998384945204293
1997-08-13,28.2857142857,26.920376430990725,1.561532453550618,-0.19619459884134471
1997-08-20,28.4142857143,26.934021782171918,1.5173276551312012,-0.037063723003118554
1997-08-27,27.9857142857,26.947188582372146,1.0938223300982384,-0.05529662677038516
1997-09-03,28.7285714286,26.95985039509074,1.780743742661264,-0.012022709152006428
1997-09-10,28.9571428571,26.97199432346639,1.660973704493781,0.3241748291398281
1997-09-17,28.9,26.98361555905326,1.857133187302225,0.05925125364451489
1997-09-24,28.4,26.99471012780566,1.3125041815180423,0.09278569067629405
1997-10-01,27.5857142857,27.00527902545445,0.8537815077181705,-0.27334624747262026
1997-10-08,28.5,27.01531900504992,1.1613289103927442,0.3233520845573352
1997-10-15,27.3571428571,27.024829806319282,0.7488554935786315,-0.41654244279791186
1997-10-22,27.7,27.033810802899936,0.7912781999677734,-0.12508900286771052
1997-10-29,28.3857142857,27.04226663525397,0.811639791772112,0.5318078586739183
1997-11-05,27.7428571429,27.050205853321785,0.5747125108095197,0.1179387787686963
1997-11-12,27.3428571429,27.057637901082487,0.21114902555206833,0.07407021626544719
1997-11-19,27.3285714286,27.06457129084536,-0.12871982611416413,0.39271996386880303
1997-11-26,27.2571428571,27.071004855378366,-0.17984086270790356,0.3659788644295361
1997-12-03,26.6714285714,27.076931163790466,-0.7331636773379165,0.32766108494745083
1997-12-10,26.7571428571,27.08234868751594,-0.7114990618389747,0.3862932314230356
1997-12-17,26.5714285714,27.08724896575043,-0.8871797066892358,0.3713593123388037
1997-12-24,26.7142857143,27.091615224949507,-1.2374926192308056,0.8601631085813004
1998-01-01,26.523809523793336,27.095432138635204,-0.4895166531180633,-0.08210596172380491
1998-01-08,26.3571428571,27.098683387208755,-1.2486215891461339,0.5070810590373789
1998-01-15,24.8857142857,27.101360119093243,-1.9241720854265205,-0.2914737479667231
1998-01-22,25.6142857143,27.103466221795486,-1.661474044092788,0.1722935365973015
1998-01-29,26.5428571429,27.10501457996638,-1.9547084839860127,1.3925510469196354
1998-02-05,26.5857142857,27.10602290801847,-2.481968661067121,1.9616600387486507
1998-02-12,27.2571428571,27.106518064114077,-1.8808482029751965,2.0314729959611206
1998-02-19,24.4142857143,27.106532749745096,-2.134296285517929,-0.5579507499271656
1998-02-26,26.2714285714,27.106102502961136,-2.2032405785699636,1.36856664700883
1998-03-05,25.6142857143,27.105262379536825,-1.7701235584998212,0.2791468932629968
1998-03-12,25.8142857143,27.10404819409106,-1.6675290572727817,0.3777665774817187
1998-03-19,24.8857142857,27.102490254869583,-1.9123643041553078,-0.30441166501427475
1998-03-26,26.2285714286,27.10060786772582,-1.074442104143537,0.2024056650177144
1998-04-02,25.7142857143,27.09841350616077,-1.2689295999122836,-0.1151981919484868
1998-04-09,26.0285714286,27.095905412751396,-1.1209885185555384,0.05365453440414214
1998-04-16,26.9285714286,27.093072171722948,-0.7412580652591895,0.5767573221362419
1998-04-23,25.6,27.089907930314624,-1.170742729197956,-0.31916520111666813
1998-04-30,26.8714285714,27.086413818974417,-0.2847999316816528,0.06981468410723579
1998-05-07,26.7857142857,27.082591766518238,1.214241627372095,-1.5111191081903321
1998-05-14,27.1428571429,27.078444800533102,0.37248090866918115,-0.3080685663022855
1998-05-21,27.9142857143,27.073980455751435,0.738741380096893,0.10156387845167103
1998-05-28,27.9714285714,27.06919616743004,1.1088525438156285,-0.2066201398456684
1998-06-04,27.8571428571,27.064078481349476,0.9191408343501382,-0.1260764585996128
1998-06-11,28.4285714286,27.058618461665247,1.1793579062503208,0.19059506068443355
1998-06-18,28.1,27.05281987448794,0.7718719726936962,0.27530815281836496
1998-06-25,28.2142857143,27.046698048599627,1.0732991089144235,0.09428855678595127
1998-07-02,28.6142857143,27.040271062161352,1.5233747519578398,0.05063990018080844
1998-07-09,28.3857142857,27.033563727751357,1.3528338262023836,-0.0006832682537414314
1998-07-16,28.3857142857,27.026608686927386,1.2731811898434557,0.08592440892915931
1998-07-23,27.5571428571,27.019440685798628,0.87015128006935,-0.3324491087679782
1998-07-30,28.2714285714,27.012098126090276,1.163353115781941,0.09597732952778415
1998-08-06,28.4571428571,27.00462137399901,1.5282323237473665,-0.07571084064638
1998-08-13,29.0714285714,26.997043046464274,1.5511129662328467,0.5232725587028781
1998-08-20,29.2142857143,26.98939089672326,1.734170146823139,0.4907246707536004
1998-08-27,28.0428571429,26.98169137757943,1.1591342364761772,-0.0979684711556068
1998-09-03,28.7571428571,26.97397149010092,1.5866390569522477,0.1965323100468339
1998-09-10,28.3285714286,26.966260467475333,1.5617047062646567,-0.19939374513998942
1998-09-17,28.7285714286,26.958585099271772,1.768603628959995,0.0013827003682322925
1998-09-24,27.7714285714,26.950969501282483,1.2527899042529949,-0.43233083413547746
1998-10-01,27.9142857143,26.94343497685137,0.9838691726966242,-0.013018435247996507
1998-10-08,28.2571428571,26.93600576825125,1.2581064383495202,0.06303065049922907
1998-10-15,27.7571428571,26.92869866485362,0.6441801437495879,0.184264048496793
1998-10-22,28.1571428571,26.921526758371826,0.8502981653756578,0.3853179333525141
1998-10-29,27.7142857143,26.914505799002583,0.8834836456750311,-0.08370373037761425
1998-11-05,27.4285714286,26.907645033947983,0.6158811580460434,-0.09495476339402487
1998-11-12,27.7857142857,26.900941821499124,0.2530057282591239,0.6317667359417527
1998-11-19,26.7285714286,26.894384089763975,-0.09549474492901161,-0.07031791623496275
1998-11-26,26.5571428571,26.887960508864264,-0.14043820262070508,-0.19037944914355975
1998-12-03,25.6428571429,26.881663736246107,-0.7705834758209292,-0.46822311752518075
1998-12-10,25.8142857143,26.875491611922598,-0.8075851985720961,-0.25362069905050433
1998-12-17,26.0714285714,26.86944932268591,-0.9796671532324945,0.18164640194658332
1998-12-24,25.9285714286,26.863547277089978,-1.2051985997601669,0.2702227512701896
1999-01-01,25.738095238093333,26.85779240830614,-0.9548329846418259,-0.16486418557098048
1999-01-08,25.5714285714,26.85218252534532,-1.3061608574147223,0.02540690346939911
1999-01-15,25.0714285714,26.84670064577812,-1.8849008239895415,0.10962874961141722
1999-01-22,24.9857142857,26.841324291975553,-1.776154024247218,-0.07945598202833537
1999-01-29,24.8857142857,26.836035980231497,-1.8743181866010064,-0.0760035079304906
1999-02-05,24.1714285714,26.830822749947455,-2.359046309641629,-0.30034786890582765
1999-02-12,23.4,26.825677088416285,-1.8389985412249579,-1.5866785471913296
1999-02-19,24.3285714286,26.82058591299675,-2.1969535522938988,-0.295060932102853
1999-02-26,24.0428571429,26.81553717532921,-2.295418981173917,-0.4772610512552937
1999-03-05,25.0,26.810533845164453,-1.8892029614281622,0.07866911626370765
1999-03-12,24.9571428571,26.805589848455032,-1.388221864665644,-0.4602251266893873
1999-03-19,24.8857142857,26.80072515118824,-1.8057138475902506,-0.10929701789798685
1999-03-26,25.6714285714,26.79596593464302,-1.153078969319244,0.028541606076220916
1999-04-02,25.7428571429,26.791332061536053,-0.9397965603730039,-0.10867835826304884
1999-04-09,25.6142857143,26.78683971978361,-1.099226835883416,-0.07332716960019425
1999-04-16,25.3857142857,26.782506236726945,-0.714888632822936,-0.6819033182040073
1999-04-23,26.9142857143,26.77834060612796,-1.165253815361538,1.3011989235335797
1999-04-30,26.6857142857,26.774352463295877,-0.07935584165780182,-0.009282335938074482
1999-05-07,28.2285714286,26.770549227072017,1.015705656703059,0.4423165448249229
1999-05-14,26.9571428571,26.7669360648001,0.14500141272171552,0.045205379578185045
1999-05-21,27.8285714286,26.76352117223268,0.586215745935093,0.4788345104322289
1999-05-28,28.3857142857,26.760311501715563,1.2686986129702886,0.3567041710141474
1999-06-04,28.4142857143,26.757301782406294,0.9843432203197273,0.6726407115739796
1999-06-11,27.9142857143,26.75448010752639,1.274105574849447,-0.1142999680758372
1999-06-18,27.7,26.751827521826034,1.0381432250694442,-0.08997074689547802
1999-06-25,27.2142857143,26.749324024827246,0.9016918410430499,-0.4367301515702948
1999-07-02,28.4428571429,26.74694841749746,1.4353156565150282,0.26059306888751266
1999-07-09,27.4,26.744681995483315,1.2156574813115095,-0.5603394767948267
1999-07-16,27.2714285714,26.742512070703913,1.2446919012125124,-0.7157754005164243
1999-07-23,26.7,26.7404223902449,1.098641461541664,-1.1390638517865632
1999-07-30,28.1,26.738394840711212,1.313204126925571,0.0484010323632198
1999-08-06,28.3714285714,26.736416990578007,1.4797814045848,0.15523017623719326
1999-08-13,28.0857142857,26.734492429410537,1.5809663387414115,-0.22974448245194878
1999-08-20,28.3714285714,26.732640947664628,1.834283150133792,-0.19549552639842105
1999-08-27,27.8571428571,26.730888706524055,1.2983117371426955,-0.1720575865667513
1999-09-03,28.1857142857,26.729264388841408,1.2780787705898244,0.17837112626876817
1999-09-10,28.3,26.72779155948119,1.4397464060609169,0.13246203445789462
1999-09-17,28.4142857143,26.7264906310987,1.5927509524912362,0.09504413071006468
1999-09-24,28.4571428571,26.725375600907327,1.159638990750083,0.5721282654425899
1999-10-01,28.7142857143,26.724442902765137,1.0789211401455325,0.9109216713893318
1999-10-08,28.0,26.72367672556472,1.2353949381893525,0.04092833624592984
1999-10-15,27.1714285714,26.723058161663666,0.6117434800691012,-0.16337307033276716
1999-10-22,26.7571428571,26.722567957152663,0.9383706990022879,-0.9037957990549508
1999-10-29,27.6714285714,26.72218091510353,0.7854238308090454,0.1638238254874267
1999-11-05,27.4428571429,26.72187342482421,0.579165417607308,0.14181830046848276
1999-11-12,26.8857142857,26.721640072444202,0.07074008877560528,0.09333412448019374
1999-11-19,26.7142857143,26.72148363791541,-0.20343494253885805,0.19623701892345125
1999-11-26,26.6,26.7213998406776,-0.16581592848085544,0.044416087803259785
1999-12-03,26.1,26.721378129871518,-0.7758034141248364,0.15442528425332114
1999-12-10,24.9285714286,26.72139475313622,-0.7363625966969913,-1.0564607278392266
1999-12-17,24.9428571429,26.72142670234234,-1.0872006894032669,-0.6913688700390743
1999-12-24,24.8428571429,26.72146617786417,-1.3277306385798824,-0.5508783963842845
2000-01-01,25.4714285714,26.721516863133033,-1.3008671907139027,0.050778898980869513
2000-01-08,25.1285714286,26.721595725396057,-1.4270516122438999,-0.16597268455215541
2000-01-15,25.1142857143,26.721729178791406,-1.7734211528161528,0.16597768832474458
2000-01-22,23.6142857143,26.72194409397192,-1.7615086139726936,-1.3461497656992272
2000-01-29,22.8428571429,26.72226298684761,-1.786383435735513,-2.0930224082120965
2000-02-05,25.1714285714,26.722705277072066,-2.1124025523329424,0.5611258466608753
2000-02-12,24.9285714286,26.723287231653106,-1.7683377636201592,-0.026378039432945144
2000-02-19,25.2,26.724016165004873,-2.0346043717363145,0.5105882067314411
2000-02-26,24.7714285714,26.724894066566538,-2.2627890112417015,0.30932351607516395
2000-03-04,24.5285714286,26.725924121298107,-1.9717133556955415,-0.22563933700256555
2000-03-11,24.0,26.72710352980283,-1.1533342057557823,-1.5737693240470456
2000-03-18,25.0714285714,26.728421879633927,-1.5000366587693152,-0.15695664946461463
2000-03-25,24.8,26.729867622996906,-1.041376303658253,-0.8884913193386517
2000-04-01,24.4,26.731428906976525,-0.6679558917610403,-1.6634730152154873
2000-04-08,25.5857142857,26.733100970065625,-0.9199244428580561,-0.2274622415075669
2000-04-15,25.9714285714,26.7348757164665,-0.7520049890227865,-0.01144215604371368
2000-04-22,25.8,26.736739428486267,-1.0647453194713403,0.1280058909850723
2000-04-29,26.9285714286,26.738678383691248,-0.0989294789712112,0.2888225238799649
2000-05-06,27.1428571429,26.74068094594535,0.7639579763093693,-0.3617817793547218
2000-05-13,26.6428571429,26.74273759325973,0.010705142321659828,-0.11058559268138879
2000-05-20,26.6,26.744844141503563,0.5273198023088601,-0.6721639438124214
2000-05-27,26.8142857143,26.747006492562207,1.3797179477725445,-1.3124387260347525
2000-06-03,27.5571428571,26.749246985264506,1.1140956868584468,-0.30619981502295346
2000-06-10,27.8571428571,26.751595683582995,1.2898753934195282,-0.1843282199025218
2000-06-17,27.9857142857,26.754084996144385,1.0438179295540997,0.18781136000151477
2000-06-24,27.4285714286,26.756747889215607,0.8315938826736714,-0.15977034328927786
2000-07-01,27.7714285714,26.75962425325898,1.3401280466683634,-0.3283237285273408
2000-07-08,27.9714285714,26.76275106808886,1.1382754107385447,0.07040209257259633
2000-07-15,28.2714285714,26.76615190011442,1.171632517482873,0.33364415380270884
2000-07-22,28.5285714286,26.7698430250156,1.2870988720443624,0.4716295315400352
2000-07-29,28.3285714286,26.77383620364743,1.3406516324498963,0.2140835925026714
2000-08-05,28.2142857143,26.778141258223425,1.3676289799620538,0.06851547611452347
2000-08-12,28.2714285714,26.782756754506533,1.5648904518553934,-0.0762186349619256
2000-08-19,28.6142857143,26.787668369532852,1.7745272012204707,0.05209014354667474
2000-08-26,28.7285714286,26.79284616790606,1.4049731425919516,0.5307521181019865
2000-09-02,27.1857142857,26.798250958771877,0.9881587540991563,-0.6006954271710327
2000-09-09,27.9857142857,26.803842582059715,1.4421359540953202,-0.2602642504550374
2000-09-16,28.1857142857,26.80958687512976,1.4514969113928329,-0.07536950082259253
2000-09-23,27.7571428571,26.81545572432154,1.135189647979185,-0.19350251520072703
2000-09-30,27.5285714286,26.821428115937305,1.1418782498495914,-0.4347349371868958
2000-10-07,27.7714285714,26.82748180708205,1.1792079543533704,-0.2352611900354198
2000-10-14,27.8,26.833586409563495,0.49683731929621616,0.46957627114029066
2000-10-21,28.0571428571,26.839702954227516,0.9344921304568277,0.28294777241565683
2000-10-28,27.1428571429,26.84580018751623,0.7122098445533446,-0.41515288916957616
2000-11-04,27.5428571429,26.851855119645723,0.43808303993716463,0.2529189833171124
2000-11-11,25.8714285714,26.85784581404643,-0.11176216365703086,-0.8746550789894023
2000-11-18,26.3285714286,26.863757100130652,-0.2851148718623217,-0.2500707996683289
2000-11-25,26.8714285714,26.869585865038687,-0.23537711619737972,0.23721982255869278
2000-12-02,26.3,26.875331702304752,-0.7903256795918799,0.2149939772871292
2000-12-09,26.8142857143,26.88098662301687,-0.7461937087467916,0.6794928000299194
2000-12-16,25.9142857143,26.886531473840872,-1.234397508789244,0.26215174924837115
2000-12-23,25.3857142857,26.891935328589327,-1.4607370858530682,-0.045483957036257294
2001-01-01,25.1285714286,26.89716593553361,-1.512448096673247,-0.25614641026036367
2001-01-08,25.3142857143,26.902193235015552,-1.5453663016379873,-0.042541219077566694
2001-01-15,25.0714285714,26.906991332079887,-1.6808705543526432,-0.154692206327244
2001-01-22,24.9571428571,26.9115377104503,-1.6428201260947903,-0.31157472725551116
2001-01-29,25.2428571429,26.91581694707116,-1.6440897559245873,-0.028870048246574243
2001-02-05,25.0,26.919825831673773,-1.9422224276852924,0.022396596011518
2001-02-12,25.3428571429,26.92356935758141,-1.6631079250072076,0.08239571032579818
2001-02-19,24.7571428571,26.92707045736853,-1.728771260145717,-0.4411563401228129
2001-02-26,24.8142857143,26.93036327791863,-1.9910041418063549,-0.12507342181227799
2001-03-05,24.7,26.93347954365584,-1.9550106706241552,-0.27846887303168444
2001-03-12,26.7,26.93645242078703,-0.9582169751048988,0.7217645543178683
2001-03-19,26.3285714286,26.939317982663162,-1.2045839131228486,0.5938373590596875
2001-03-26,26.0428571429,26.942106109508632,-0.8386430061768451,-0.06060596043178634
2001-04-02,27.0857142857,26.94484335934075,-0.47874129152267253,0.6196122178819223
2001-04-09,26.2714285714,26.947543232156974,-0.6945860517732418,0.018471391016269934
2001-04-16,26.7,26.950211484500063,-0.7642453155355592,0.5140338310354942
2001-04-23,27.2,26.952859281872332,-1.1074481080823961,1.3545888262100654
2001-04-30,26.7571428571,26.955498971375427,-0.1713676658846414,-0.02698844839078518
2001-05-07,27.4857142857,26.95814489804006,0.35368570887882456,0.1738836787811131
2001-05-14,27.8571428571,26.960803279223196,-0.1418675586467888,1.0382071365235923
2001-05-21,28.8285714286,26.96347067879025,0.3989587622952294,1.4661419875145185
2001-05-28,28.4714285714,26.96613612009373,1.3402215015691652,0.1650709497371068
2001-06-04,28.0714285714,26.968776664686793,1.1305454871768987,-0.027893580463693723
2001-06-11,28.5142857143,26.971362117121036,1.2846037303637863,0.25831986681517805
2001-06-18,27.7285714286,26.973871526829846,1.0631216063416615,-0.30842170457150786
2001-06-25,28.6285714286,26.976284547735073,0.8443939093961729,0.8078929714687533
2001-07-02,28.2285714286,26.97857998314634,1.2909777022855824,-0.04098625683192125
2001-07-09,28.3428571429,26.98073888644382,1.1703744704362327,0.19174378601994846
2001-07-16,28.1142857143,26.982750385731027,1.1706323746790348,-0.039097046110061484
2001-07-23,28.5857142857,26.984604964884877,1.4704904493113973,0.13061887150372442
2001-07-30,28.0571428571,26.98629647570593,1.3027214897237203,-0.23187510832964975
2001-08-06,27.9285714286,26.98782185661859,1.2874306953340222,-0.3466811233526137
2001-08-13,28.6428571429,26.989181809292248,1.5437358390865668,0.10993949452118557
2001-08-20,28.9714285714,26.990381982010906,1.5809183072414064,0.40012828214768703
2001-08-27,28.2714285714,26.991441827338026,1.4590648886693622,-0.1790781446073879
2001-09-03,27.9,26.992381508853512,0.7316299312102802,0.17598855993620788
2001-09-10,28.3714285714,26.993217638933995,1.5709843586850443,-0.19277342621904126
2001-09-17,28.0857142857,26.993959169408875,1.4487933187205468,-0.35703820242942186
2001-09-24,27.9714285714,26.994612788059104,1.0854056023183831,-0.10858981897748521
2001-10-01,29.2285714286,26.99517649718925,1.135335055870047,1.0980598755407023
2001-10-08,28.4,26.99564763473487,1.1201818327677193,0.2841705324974093
2001-10-15,26.8571428571,26.996030390204762,0.42043304199357057,-0.559320575098333
2001-10-22,27.9142857143,26.996332906087947,0.976880432284214,-0.05892762407216168
2001-10-29,27.9428571429,26.9965538679591,0.6662249803409768,0.28007829459992095
2001-11-05,26.7285714286,26.996690476215814,0.35867975379281297,-0.6267988014086292
2001-11-12,26.5857142857,26.996736061687656,-0.1692453689900446,-0.24177640699761227
2001-11-19,26.5285714286,26.996678737486725,-0.3087160975633181,-0.15939121132340617
2001-11-26,26.3428571429,26.996508836033765,-0.30998213484709675,-0.3436695582866669
2001-12-03,25.2857142857,26.99622734562409,-0.7480138688837972,-0.9624991910402905
2001-12-10,26.3142857143,26.995855770137165,-0.6835740364660764,0.0020039806289098294
2001-12-17,25.6,26.99543502682032,-1.2040602814751162,-0.19137474534520393
2001-12-24,25.6714285714,26.995014996065585,-1.3813716470446535,0.057785222379067136
2002-01-01,25.5285714286,26.99464510332654,-1.675916433711509,0.20984275898496918
2002-01-08,25.4571428571,26.99437060858739,-1.6575306890876105,0.12030293760022204
2002-01-15,25.3285714286,26.994228528932464,-1.7058115906176172,0.040154490285154054
2002-01-22,26.2142857143,26.994242669293683,-1.556424013312026,0.7764670583183424
2002-01-29,25.6571428571,26.99442798934246,-1.6134691775832093,0.2761840453407487
2002-02-05,24.9714285714,26.99480017416679,-1.8935436555780802,-0.1298279471887085
2002-02-12,25.4142857143,26.99537832625103,-1.6542470453414293,0.07315443339039973
2002-02-19,25.7857142857,26.996174919304302,-1.592776279587847,0.38231564598354595
2002-02-26,25.2,26.997191742816852,-1.9137690986844924,0.11657735586764062
2002-03-05,25.4571428571,26.998416983768422,-1.853544569388031,0.31227044271960835
2002-03-12,25.8428571429,26.99983692906784,-0.7144914811957251,-0.44248830497211245
2002-03-19,25.7857142857,27.00143967510704,-0.9441181839477982,-0.2716072054592438
2002-03-26,26.7571428571,27.003215389537594,-0.5882309131095597,0.3421583806719646
2002-04-02,26.2285714286,27.005156359210112,-0.3396612711022572,-0.4369236595078547
2002-04-09,27.1142857143,27.007256570777784,-0.6443863196499987,0.751415463172215
2002-04-16,25.4571428571,27.009516458430706,-0.7194103106441905,-0.8329632906865179
2002-04-23,25.7,27.011934785142838,-1.2742674265944993,-0.037667358548340246
2002-04-30,26.4571428571,27.01450319127043,-0.2806208327913172,-0.27673950137911163
2002-05-07,26.4428571429,27.017212003153823,0.16591333073836143,-0.740268190992186
2002-05-14,26.1428571429,27.020051825243726,-0.17834086831572377,-0.6988538140280021
2002-05-21,27.7142857143,27.023006321231954,0.29986547355396476,0.39141391951408266
2002-05-28,28.1714285714,27.02606247988282,1.136030922122448,0.009335169394731224
2002-06-04,28.4428571429,27.029209875480923,1.1372242373787,0.2764230300403767
2002-06-11,28.4571428571,27.032437483265795,1.2157898600910335,0.20891551374317174
2002-06-18,28.5285714286,27.03572429182918,1.0482809145625969,0.4445662222082234
2002-06-25,27.5857142857,27.03904365513379,0.9914839061100437,-0.444813275543833
2002-07-02,28.3428571429,27.042362054887718,1.3804348782914375,-0.07993979027915543
2002-07-09,28.1571428571,27.045643473865297,1.1711431607721245,-0.059643777537424114
2002-07-16,28.2857142857,27.048849698503684,1.0974215560242246,0.1394430311720889
2002-07-23,28.2285714286,27.051947648061315,1.3538284361157065,-0.1772046555770217
2002-07-30,28.4857142857,27.0549058523885,1.2067668061270425,0.2240416271844552
2002-08-06,28.4714285714,27.05768818618049,1.2641510226227513,0.14958936259676037
2002-08-13,28.7428571429,27.060257459101116,1.5782882716667148,0.10431141213216932
2002-08-20,28.0,27.06258437450289,1.5244201442960332,-0.5870045187989241
2002-08-27,28.6428571429,27.064641078197006,1.3828787368690536,0.19533732783393987
2002-09-03,27.5,27.06640528267408,0.7641251354846867,-0.3305304181587658
2002-09-10,29.1571428571,27.067853322498156,1.7523644334106183,0.3369251011912233
2002-09-17,28.6571428571,27.06895807129797,1.5687709439533652,0.019413841848663793
2002-09-24,28.2,27.069692828142433,1.0586408477074787,0.07166632415008678
2002-10-01,27.7714285714,27.070041618225893,1.344887125890212,-0.6435001727161023
2002-10-08,27.9428571429,27.070002961343942,1.1685174081512493,-0.29566322659519173
2002-10-15,27.5428571429,27.06958490177913,0.41127601692165044,0.061996224199219796
2002-10-22,27.9857142857,27.068806253939872,1.0632393515990297,-0.1463313198389038
2002-10-29,27.5428571429,27.067699237549796,0.7182562747999895,-0.24309836944978613
2002-11-05,27.3857142857,27.06629690647846,0.2905809920947294,0.02883638712681247
2002-11-12,27.3142857143,27.064628063832846,0.007062515784237032,0.24259513468291516
2002-11-19,27.2142857143,27.062721660858667,-0.3469155789287709,0.4984796323701062
2002-11-26,26.9857142857,27.06060489027326,-0.4710853767751566,0.3961947722018948
2002-12-03,26.4285714286,27.05830003385623,-0.8044672112190758,0.17473860596284752
2002-12-10,26.0714285714,27.055824081287472,-0.9490476643384621,-0.035347845549011936
2002-12-17,25.9285714286,27.053183234130838,-1.0960332053677504,-0.028578600163086776
2002-12-24,25.7,27.05037728725102,-1.1536593992349564,-0.19671788801606382
2003-01-01,25.0571428571,27.04741008485141,-1.6894963737716857,-0.30077085397972425
2003-01-08,25.4571428571,27.044288797599926,-1.8215617719515902,0.23441583145166334
2003-01-15,25.7285714286,27.041022063978378,-1.8066148277941907,0.49416419241581266
2003-01-22,25.6857142857,27.037625347866957,-1.5919209795428313,0.2400099173758754
2003-01-29,25.3285714286,27.03411345946049,-1.8402274123873854,0.13468538152689646
2003-02-05,25.2,27.030489343427657,-1.8662390725599602,0.03574972913230212
2003-02-12,25.4,27.02674683955436,-1.7097001249461161,0.08295328539175628
2003-02-19,25.5857142857,27.02287972004971,-1.486205711278908,0.0490402769292011
2003-02-26,25.6285714286,27.018888421642274,-2.0562964541972835,0.6659794611550112
2003-03-05,25.2857142857,27.014780406610587,-1.738438561969745,0.009372441059156245
2003-03-12,26.5428571429,27.010559996389762,-0.9316312903277713,0.4639284368380103
2003-03-19,26.4571428571,27.006228633113086,-0.8932393680623048,0.34415359204921714
2003-03-26,26.9285714286,27.00178672884924,-0.5623955407020536,0.4891802404528143
2003-04-02,26.7,26.99723347869483,-0.2670207520428316,-0.03021272665199959
2003-04-09,26.4,26.9925728214665,-0.7752213700154665,0.18264854854896484
2003-04-16,26.4285714286,26.98781014143982,-0.770617125136501,0.21137841229668197
2003-04-23,25.3571428571,26.982944947423142,-1.2934877699749112,-0.3323143203482317
2003-04-30,26.9285714286,26.97797006841159,-0.3819343007826372,0.3325356609710468
2003-05-07,27.6428571429,26.97286989787628,0.015461393169288422,0.6545258518544301
2003-05-14,26.9,26.96762309414854,-0.21589176070855218,0.1482686665600106
2003-05-21,27.0571428571,26.962212497153455,0.0359272263387966,0.05900313360774945
2003-05-28,27.7571428571,26.95661930216965,1.0580950011090546,-0.2575714461787051
2003-06-04,27.9714285714,26.950825046610532,1.2243734789555742,-0.20376995416610555
2003-06-11,27.4,26.94481913794935,1.2133632308336852,-0.7581823687830358
2003-06-18,27.4714285714,26.938596992365216,1.1280795411085425,-0.5952479620737599
2003-06-25,28.0285714286,26.932153722815958,1.0929383958572279,0.0034793099268135563
2003-07-02,28.6428571429,26.92548708585818,1.5244249778899612,0.19294507915185832
2003-07-09,28.0428571429,26.918600817631237,1.1688587934828072,-0.04460246821404468
2003-07-16,27.4714285714,26.911509563469288,1.1145410417607338,-0.5546220338300216
2003-07-23,28.1428571429,26.904234702341515,1.2396282924572755,-0.0010058518987925424
2003-07-30,27.8714285714,26.896804327086052,1.232509227082475,-0.2578849827685268
2003-08-06,28.0714285714,26.889251866014924,1.4044060768152997,-0.22222937143022392
2003-08-13,27.9285714286,26.881620206578766,1.7227605317219035,-0.6758093097006679
2003-08-20,28.1428571429,26.873952571733795,1.577622726291267,-0.30871815512506373
2003-08-27,27.9142857143,26.866295195412448,1.2983595651720596,-0.25036904628450785
2003-09-03,27.6857142857,26.85869755190534,0.9277138444770151,-0.10069711068235421
2003-09-10,28.7285714286,26.851218818243158,1.913946929591649,-0.03659431923480838
2003-09-17,28.8714285714,26.84392552584494,1.7524675030019123,0.27503554255314455
2003-09-24,28.0428571429,26.83688520352008,1.0830438309127655,0.12292810846715696
2003-10-01,28.6,26.830161394959443,1.576419128971631,0.19341947606892873
2003-10-08,28.1,26.823810778784058,1.1717915049845293,0.10439771623141425
2003-10-15,27.1285714286,26.817879163443017,0.6386088882129861,-0.32791662305600155
2003-10-22,28.0285714286,26.81239535806752,1.1103462877017962,0.10582978283068556
2003-10-29,27.8,26.807384017373,0.7224910251923937,0.2701249574346072
2003-11-05,27.3714285714,26.802867771482028,0.35719743990770947,0.2113633600102638
2003-11-12,27.1571428571,26.79887026689434,0.2693876409304008,0.0888849492752577
2003-11-19,26.3,26.79541674641325,-0.32925887552335203,-0.1661578708898972
2003-11-26,25.9714285714,26.79252657246961,-0.5552299353611878,-0.26586806570842114
2003-12-03,26.1857142857,26.79020869199741,-0.8499584898284893,0.24546408353107907
2003-12-10,25.6428571429,26.78846270465078,-1.3356481635508193,0.1900426018000374
2003-12-17,25.8428571429,26.787276429607587,-1.0498434428861019,0.10542415617851475
2003-12-24,26.0142857143,26.78662556934565,-1.0001836045441796,0.2278437494985326
2004-01-01,25.145714285713336,26.7864686602961,-1.6327845091413415,-0.007969865441424417
2004-01-08,24.3857142857,26.78675940451624,-2.0091480833954805,-0.39189703542075804
2004-01-15,24.3428571429,26.787461833703386,-1.9731046819170317,-0.4715000088863519
2004-01-22,24.5285714286,26.788549639932267,-1.7725902575770829,-0.48738795375518507
2004-01-29,24.6285714286,26.79000017503873,-2.228959299223274,0.06753055278454312
2004-02-05,24.9857142857,26.791793236701544,-1.776598206673642,-0.02948074432790193
2004-02-12,24.8857142857,26.793911584561993,-1.8708106308902284,-0.03738666797176293
2004-02-19,25.2,26.79633570750885,-1.660110158102537,0.06377445059368725
2004-02-26,24.1857142857,26.799036108199953,-2.207564955498659,-0.4057568670012941
2004-03-04,25.1571428571,26.801976213288054,-1.7712050506242973,0.12637169443624074
2004-03-11,25.4285714286,26.8051203261487,-1.0684861699768762,-0.30806272757182285
2004-03-18,25.9142857143,26.808434928215583,-0.9998485230233229,0.10569930910774161
2004-03-25,25.5571428571,26.811887911886373,-0.704718902224903,-0.5500261525614683
2004-04-01,24.7,26.81544539318554,-0.14986198417374152,-1.9655834090117992
2004-04-08,25.4,26.819080973053214,-1.111629778657537,-0.3074511943956786
2004-04-15,25.9571428571,26.822773679640402,-0.7941510574996904,-0.07147976504071352
2004-04-22,25.8428571429,26.82650834101352,-1.0434821654716555,0.05983096735813831
2004-04-29,26.1571428571,26.83028199473075,-0.4287795751253874,-0.24435956250536606
2004-05-06,26.2714285714,26.83409976984739,-0.03578311065666503,-0.5268880877907236
2004-05-13,26.7285714286,26.83797633504392,-0.04206751050504913,-0.06733739593887123
2004-05-20,26.0428571429,26.841934549247167,0.17926144763140928,-0.978338853978574
2004-05-27,24.8142857143,26.846005287933362,1.1543546467775756,-3.1860742204109407
2004-06-03,27.9571428571,26.850224128357635,1.3059596789015568,-0.19904095015919054
2004-06-10,28.0428571429,26.854614005941794,1.2504829683024443,-0.062239831344239605
2004-06-17,28.3285714286,26.85918846828889,1.2141646719140848,0.25521828839702465
2004-06-24,28.2285714286,26.863961833505,1.1723139694843594,0.19229562561063673
2004-07-01,28.3428571429,26.86895672513829,1.5798711237053875,-0.10597070594367608
2004-07-08,27.8285714286,26.87419833237411,1.218143159306779,-0.2637700630808908
2004-07-15,28.2428571429,26.879702886357705,1.0975389896673762,0.2656152668749172
2004-07-22,28.0142857143,26.88548816409081,1.1405386544060017,-0.011741104196808294
2004-07-29,28.0428571429,26.891576829718698,1.3189391043486296,-0.16765879116732663
2004-08-05,28.5285714286,26.89799474833806,1.4694937795051235,0.16108290075681353
2004-08-12,28.9428571429,26.90475882540084,1.9072132141482196,0.13088510335094128
2004-08-19,29.0,26.911874696540774,1.7137742444721187,0.37435105898710574
2004-08-26,29.0571428571,26.91934115179339,1.1144769178771157,1.0233247874294946
2004-09-02,28.6142857143,26.927152018678722,1.007168602637845,0.6799650929834335
2004-09-09,28.9857142857,26.935299241233665,1.854436761440849,0.19597828302548592
2004-09-16,28.6428571429,26.94377141497481,1.8221606682527132,-0.12307494032752686
2004-09-23,27.2285714286,26.952540868095088,1.1934431502645422,-0.9174125897596319
2004-09-30,29.1428571429,26.961568569087103,1.7158936568183447,0.46539491699455127
2004-10-07,28.2857142857,26.970810204549515,1.186700074272078,0.1282040068784056
2004-10-14,28.1285714286,26.980218620621677,0.9169050564227521,0.23144775155557085
2004-10-21,28.2857142857,26.989743874494557,1.1230393923497943,0.1729310188556461
2004-10-28,27.5,26.99932905383174,0.7470001771789652,-0.24632923101070503
2004-11-04,27.0571428571,27.008911843251017,0.5543481562912637,-0.5061171424422817
2004-11-11,27.2428571429,27.01843628579213,0.44679724520756053,-0.22237638809968985
2004-11-18,26.3285714286,27.02784583539884,-0.310273632164881,-0.3890007746339563
2004-11-25,26.3285714286,27.03709036862253,-0.6061887200234705,-0.10233021999905745
2004-12-02,25.6428571429,27.046131313600874,-0.877083672445269,-0.5261904982556054
2004-12-09,25.1571428571,27.054944136407986,-1.5844445346282976,-0.313356744679691
2004-12-16,26.2714285714,27.06351661223401,-1.081259465623241,0.28917142478923097
2004-12-23,26.2428571429,27.07184555621059,-1.0639500984933836,0.23496168518279248
2005-01-01,25.535714285725,27.07992620978567,-1.561154139925859,0.01694221586518907
2005-01-08,24.9857142857,27.08773983496097,-2.2094612510204703,0.10743570175949912
2005-01-15,25.2,27.09525595419783,-2.26454275812581,0.3692868039279773
2005-01-22,25.2285714286,27.10244503145041,-2.0698505941135026,0.1959769912630911
2005-01-29,23.7571428571,27.1092863652477,-2.477734319301763,-0.874409188845938
2005-02-05,23.7142857143,27.115757188910585,-1.7808440421323375,-1.6206274324782477
2005-02-12,23.3142857143,27.121833485337707,-1.604453561696869,-2.20309420934084
2005-02-19,23.4142857143,27.127493956950342,-1.777824008076204,-1.935384234574137
2005-02-26,24.4857142857,27.132718734552327,-2.329438058623689,-0.3175663902286381
2005-03-05,25.0285714286,27.13750692541124,-1.7522016643751006,-0.35673383243614154
2005-03-12,26.0142857143,27.141869909522896,-1.1939854311904101,0.0664012359675148
2005-03-19,25.8428571429,27.1458196249508,-1.1517034649562279,-0.15125901709457068
2005-03-26,26.4,27.149365354787175,-1.001002347271109,0.251636992483931
2005-04-02,27.4857142857,27.152518036134033,-0.07301562982735352,0.40621187939331804
2005-04-09,27.3,27.155284408590255,-1.3178293245140895,1.4625449159238357
2005-04-16,27.4,27.157670869280672,-0.9361482253029123,1.1784773560222384
2005-04-23,28.1714285714,27.159690290071303,-0.7711555197068296,1.7828938010355273
2005-04-30,26.7857142857,27.161356470186885,-0.6096403970005958,0.23399821251371122
2005-05-07,27.3714285714,27.162679752702513,-0.11744087817939212,0.3261896968768774
2005-05-14,27.3,27.16367141226961,0.4890467402832485,-0.35271815255286043
2005-05-21,26.2714285714,27.16434594179818,0.5701958287566262,-1.463113199154808
2005-05-28,28.3857142857,27.164725911025926,1.2803260700593841,-0.05933769538530953
2005-06-04,28.8428571429,27.164831606830237,1.4698285971749148,0.2081969388948508
2005-06-11,28.7285714286,27.16468611871477,1.3829380736478096,0.1809472362374187
2005-06-18,27.5142857143,27.16431788230994,1.434328918668688,-1.0843610866786264
2005-06-25,30.0285714286,27.16376595240246,1.3534663760052574,1.5113391001922807
2005-07-02,29.0428571429,27.163066057839472,1.5111152738790725,0.3686758111814541
2005-07-09,29.0285714286,27.162250086848825,1.2804881554500662,0.5858331863011088
2005-07-16,28.4428571429,27.161347518556443,1.1154382015247886,0.1660714228187672
2005-07-23,28.3857142857,27.160368638633734,1.1029266729484826,0.12241897411778524
2005-07-30,28.9285714286,27.159298874026533,1.3919075333085869,0.37736502126488247
2005-08-06,28.9428571429,27.15810501627726,1.4019174196899922,0.3828347069327478
2005-08-13,29.4714285714,27.156737586398034,1.7256077466095083,0.5890832383924582
2005-08-20,29.3285714286,27.155139136879278,1.661961969320053,0.5114703224006689
2005-08-27,27.9285714286,27.15325998561664,1.0598385289632413,-0.2845270859798781
2005-09-03,28.0857142857,27.15105912894922,1.052748020720145,-0.11809286396936614
2005-09-10,28.8571428571,27.148502436950352,1.741554823873552,-0.03291440372390397
2005-09-17,29.2428571429,27.14555735909636,1.6391207367014422,0.45817904710219537
2005-09-24,28.5857142857,27.142195208371067,1.2498089307958984,0.19371014653303575
2005-10-01,28.6285714286,27.138403948217064,1.5938110547753501,-0.10364357439241445
2005-10-08,28.0142857143,27.134186627789624,1.2224280349390622,-0.3423289484286869
2005-10-15,27.0142857143,27.129569193293488,1.2636632916220971,-1.3789467706155847
2005-10-22,28.0428571429,27.12460587620758,1.0788017909340053,-0.16055052424158234
2005-10-29,27.9714285714,27.119367980890733,0.4743496864198978,0.37771090408936914
2005-11-05,27.9571428571,27.113934806568555,0.6496975912448681,0.19351045928657484
2005-11-12,27.8714285714,27.10838354650471,0.4022729158664168,0.360772109028872
2005-11-19,27.1571428571,27.102788503925705,-0.2249190554960592,0.27927340867035255
2005-11-26,26.5285714286,27.097222544524186,-0.7370390511578144,0.16838793523362838
2005-12-03,26.2285714286,27.091751559262736,-0.8882796308760574,0.02509950021331875
2005-12-10,24.9857142857,27.086432263434716,-1.5236843378923755,-0.577033639842341
2005-12-17,25.4571428571,27.081318814304527,-1.2249513727890442,-0.39922458441548514
2005-12-24,24.6285714286,27.076464964749906,-1.2794686325599378,-1.168424903589969
2006-01-01,25.8857142857,27.07191457030989,-1.5752586763625862,0.3890583917526982
2006-01-08,24.6571428571,27.06770592623088,-2.1889096776938826,-0.22165339143699825
2006-01-15,24.0571428571,27.063878609601133,-2.351981521136938,-0.6547542313641941
2006-01-22,24.7142857143,27.060469273713892,-2.1889018778327345,-0.15728168158115707
2006-01-29,24.2857142857,27.05749940375266,-2.452787863874311,-0.31899725417835256
2006-02-05,23.4142857143,27.054987109811055,-1.987148008153583,-1.6535533873574728
2006-02-12,23.9142857143,27.052952839201083,-1.6589998637531829,-1.479667261147899
2006-02-19,24.7428571429,27.05141362111341,-1.7315999686950727,-0.5769565095183395
2006-02-26,24.8571428571,27.0503759695085,-2.187662413141315,-0.00557069926718512
2006-03-05,25.3,27.049837432724154,-1.6315096414772348,-0.11832779124691939
2006-03-12,25.5285714286,27.049790903077856,-1.1908083811537606,-0.3304110933240949
2006-03-19,25.5142857143,27.050223809285765,-1.2153518025645937,-0.32058629242116865
2006-03-26,25.6857142857,27.05112891446358,-1.181249181408162,-0.18416544735541507
2006-04-02,26.6571428571,27.0525105584088,-0.17970775479638848,-0.21565994651241382
2006-04-09,25.4285714286,27.05437964159874,-1.3649382884972958,-0.2608699245014421
2006-04-16,25.8571428571,27.05675004615533,-1.067986552435577,-0.13162063661975054
2006-04-23,26.6857142857,27.059630889274818,-0.46036508844777224,0.08644848487295675
2006-04-30,26.3142857143,27.063033475460234,-0.8104771196900444,0.061729358529809986
2006-05-07,26.5,27.066980333727326,-0.16192523455501978,-0.405055099172305
2006-05-14,25.9428571429,27.07148871061295,0.9955651644259913,-2.124196732138941
2006-05-21,27.8142857143,27.07656303788442,0.8897472974304661,-0.15202462101488834
2006-05-28,29.0285714286,27.08220167720582,1.3660946455968306,0.5802751057973481
2006-06-04,28.5857142857,27.088408028360284,1.6555570466495093,-0.1582507893097933
2006-06-11,28.9142857143,27.09518689662061,1.4793176517699198,0.3397811659094714
2006-06-18,28.9428571429,27.10252628875012,1.6254468513793463,0.21488400277053188
2006-06-25,28.0714285714,27.110384916549716,1.5426173140826633,-0.5815736592323795
2006-07-02,27.8714285714,27.118707671620047,1.47416343876998,-0.7214425389900292
2006-07-09,27.9428571429,27.12742891344805,1.3847527593071622,-0.5693245298552121
2006-07-16,27.8428571429,27.136476654702818,1.158103812614096,-0.4517233244169141
2006-07-23,27.4857142857,27.14578080680071,1.100780989337885,-0.7608475104385946
2006-07-30,28.6,27.155276103220917,1.4694091798946547,-0.024685283115569945
2006-08-06,27.8285714286,27.164903530287475,1.3658115140407783,-0.7021436157282537
2006-08-13,27.4428571429,27.17461167393951,1.5903568493417284,-1.3221113803812372
2006-08-20,28.6428571429,27.184357677908142,1.582741850083633,-0.12424238509177599
2006-08-27,27.9857142857,27.194092430388594,1.019594901228637,-0.22797304591723133
2006-09-03,28.1285714286,27.203764212484305,1.0852598757278302,-0.16045265961213317
2006-09-10,28.5428571429,27.21331970491951,1.648791452638792,-0.31925401465830205
2006-09-17,28.5285714286,27.22271378484131,1.4570335553163334,-0.15117591155764387
2006-09-24,28.8285714286,27.23191829146848,1.289710090358098,0.3069430467734193
2006-10-01,28.9571428571,27.240913558735958,1.3956622587477596,0.3205670396162823
2006-10-08,28.8571428571,27.24967812092007,1.2176127890617634,0.3898519471181672
2006-10-15,28.7,27.258176654380428,1.61472678055501,-0.17290343493543858
2006-10-22,28.3571428571,27.266363291022135,1.016342315153137,0.0744372509247313
2006-10-29,28.1142857143,27.274193891071867,0.1400542350006246,0.7000375882275058
2006-11-05,28.5,27.28163103878692,0.7159293866825035,0.5024395745305767
2006-11-12,27.9857142857,27.28864977401613,0.3235340070673315,0.37353050461653936
2006-11-19,27.1857142857,27.295235892722417,-0.1191604190412952,0.009638812018881282
2006-11-26,27.0428571429,27.30138143798637,-0.9094407857972537,0.650916490710884
2006-12-03,27.4142857143,27.307081276736298,-0.918424305351104,1.0256287429148045
2006-12-10,25.9428571429,27.312323243777378,-1.4559746468102526,0.0865085459328725
2006-12-17,26.5285714286,27.317089529635776,-1.4199106872389813,0.631392586203205
2006-12-24,25.9285714286,27.321358681818232,-1.5076902198762565,0.11490296665802546
2007-01-01,25.3571428571,27.325119149150275,-1.564702088260521,-0.40327420378975276
2007-01-08,25.0857142857,27.32836717074452,-2.1356603871677438,-0.106992497876778
2007-01-15,24.9714285714,27.33109508601637,-2.4382629705028114,0.07859645588644426
2007-01-22,25.0,27.333292888926582,-2.2895072806345453,-0.043785608292036926
2007-01-29,25.0857142857,27.334948017252326,-2.4157873580012916,0.16655362644896599
2007-02-05,25.6,27.336053589770295,-2.145318414233789,0.4092648244634951
2007-02-12,26.1571428571,27.336610245119893,-1.6699687162520558,0.4905013282321633
2007-02-19,26.4142857143,27.336618586459984,-1.7609026665314862,0.8385697943715016
2007-02-26,25.6285714286,27.336081828173796,-2.031763296107653,0.32425289653385647
2007-03-05,26.5571428571,27.3350005162814,-1.5352074912181994,0.7573498320367982
2007-03-12,26.7142857143,27.3333694767948,-1.2106988404457601,0.5916150779509621
2007-03-19,26.8571428571,27.33117971726037,-1.3069219790258997,0.8328851188655335
2007-03-26,27.1285714286,27.32841944904377,-1.3751195426974596,1.1752715222536878
2007-04-02,25.6,27.32507284303504,-0.31567716910026133,-1.4093956739347782
2007-04-09,26.3857142857,27.32111991534988,-1.4367708445081842,0.501365214858307
2007-04-16,27.7285714286,27.316538814618617,-1.2099654291073307,1.6219980430887126
2007-04-23,26.8714285714,27.311308859953552,-0.1199463280273919,-0.31993396052616063
2007-04-30,26.2142857143,27.305409759647176,-1.015463438204288,-0.07566060714288625
2007-05-07,27.3285714286,27.298816537517638,-0.19851798808066487,0.22827287916302552
2007-05-14,29.0,27.2857006851304,1.5226980065228526,0.1916013083467476
2007-05-21,28.7571428571,27.272429725729577,1.247357681976063,0.23735544939436082
2007-05-28,28.4571428571,27.259069617578547,1.4561185011113478,-0.2580452615898956
2007-06-04,29.2,27.24566332670984,1.848505460388732,0.10583121290142827
2007-06-11,28.5428571429,27.232232591500946,1.5706433616350712,-0.2600188102360157
2007-06-18,29.0142857143,27.218784196270835,1.8281698110383666,-0.03266829300920193
2007-06-25,29.2714285714,27.205316944944894,1.7183987850045506,0.3477128414505586
2007-07-02,28.8428571429,27.191825557360094,1.424110828548432,0.22692075699147551
2007-07-09,28.8714285714,27.178302609408377,1.4821503949948982,0.21097556699672282
2007-07-16,28.5714285714,27.1647402027526,1.1877685563520195,0.21891981229537905
2007-07-23,28.5714285714,27.151130844482033,1.094795024952751,0.32550270196521325
2007-07-30,28.6285714286,27.137467739740188,1.542006921546106,-0.05090323268629504
2007-08-06,28.6142857143,27.123744896753703,1.3065455951453095,0.18399522240098776
2007-08-13,28.3857142857,27.109957517350118,1.425116436333836,-0.14935966798395484
2007-08-20,28.4571428571,27.096101742318076,1.4589752607443132,-0.09793414596239103
2007-08-27,28.3857142857,27.08217486091349,0.9936727901388206,0.3098666346476904
2007-09-03,28.3142857143,27.068175018352214,1.1023420567155575,0.1437686392322277
2007-09-10,28.8714285714,27.054100610380964,1.5536710724189655,0.26365688860007097
2007-09-17,28.3,27.039950274643903,1.256739084825714,0.003310640530383324
2007-09-24,28.1714285714,27.025722843607127,1.3355284349641885,-0.18982270717131655
2007-10-01,27.9857142857,27.011417617289922,1.173085106907543,-0.1987884384974663
2007-10-08,28.1285714286,26.99703456207717,1.2207142556553556,-0.08917738913252649
2007-10-15,29.1,26.98257423145104,1.9602518536913909,0.15717391485757304
2007-10-22,27.9571428571,26.968037498251803,0.9524915976434355,0.03661376120475879
2007-10-29,26.2,26.95342525246608,-0.20769278533839933,-0.5457324671276815
2007-11-05,27.4428571429,26.93873856843732,0.7887130800357275,-0.2845945055730468
2007-11-12,26.8142857143,26.923979125743465,0.23348967079431196,-0.34318308223777905
2007-11-19,26.9,26.909149112478257,-0.0056283595384782475,-0.0035207529397816018
2007-11-26,25.4428571429,26.894251097665553,-1.0841305786228879,-0.3672633761426667
2007-12-03,25.8428571429,26.87928777531954,-0.927387534473046,-0.10904309794649336
2007-12-10,25.7714285714,26.864262144526467,-1.343881843997168,0.2510482708707009
2007-12-17,25.0714285714,26.84917725155705,-1.612849369090924,-0.16489931106612943
2007-12-24,25.0857142857,26.83403587670972,-1.745319669532295,-0.003001921477423508
2008-01-01,25.4,26.818840830406305,-1.575258159892873,0.1564173294865654
2008-01-08,24.9714285714,26.803594842289655,-2.066435878802243,0.23426960791258722
2008-01-15,24.4285714286,26.788300334820395,-2.5076912646422347,0.14796235842183947
2008-01-22,24.5285714286,26.772959336253255,-2.3839037610599183,0.13951585340666384
2008-01-29,24.5714285714,26.75757355835879,-2.330856380203903,0.14471139324511384
2008-02-05,24.2142857143,26.742144429974452,-2.3084454624269686,-0.21941325324748107
2008-02-12,24.8,26.726673198432845,-1.6792741903325135,-0.24739900810033078
2008-02-19,24.9,26.71116133988755,-1.760571575824039,-0.05058976406351334
2008-02-26,24.7428571429,26.6956106268192,-1.855431552832737,-0.09732193108646214
2008-03-04,25.1142857143,26.68002292492245,-1.416581969661099,-0.14915524096135258
2008-03-11,25.3285714286,26.664400207309306,-1.213281084169438,-0.12254769453986825
2008-03-18,25.2,26.648744619641832,-1.3730922647047383,-0.07565235493709466
2008-03-25,25.0428571429,26.63305844691471,-1.5655037597250452,-0.02469754428966553
2008-04-01,26.2428571429,26.617344028990413,-0.4658477156194079,0.09136082952899471
2008-04-08,25.0,26.60160364019346,-1.4875443139525721,-0.11405932624088777
2008-04-15,25.3142857143,26.58583938751708,-1.3528312445753021,0.08127757135822122
2008-04-22,27.0428571429,26.57005338176505,0.2184985200276333,0.25430524110731767
